p_val	avg_log2FC	pct.1	pct.2	p_val_adj	gene	seurat_clusters
0	5.60099575110556	0.239	0.008	0	TRBV6-4	c13
0	5.50298280387767	0.128	0.004	0	TMEM171	c13
0	5.18944347033405	0.156	0.005	0	FEZ1	c13
0	5.08720066742115	0.236	0.007	0	S1PR5	c13
0	5.03094375782872	0.208	0.008	0	ME1	c13
0	4.89884791485679	0.525	0.024	0	SLC4A10	c13
0	4.59533043739708	0.809	0.094	0	NCR3	c13
0	4.40944054158473	0.841	0.042	0	TRAV1-2	c13
0	4.21851836235638	0.222	0.019	0	BLK	c13
0	2.67228397211775	0.795	0.202	0	KLRG1	c13
3.76377808192437e-303	3.340729371706	0.338	0.044	1.2622958931158e-298	ZBTB16	c13
3.84568740264112e-300	4.81492220180937	0.115	0.005	1.28976664109778e-295	PRSS35	c13
1.73551294554036e-265	2.44903644102036	0.646	0.17	5.82056331675327e-261	CEBPD	c13
1.60463531131089e-261	2.97954808163585	0.37	0.06	5.38162590707446e-257	RORC	c13
1.28889488491979e-257	2.74477018475392	0.391	0.066	4.32269566504401e-253	IL23R	c13
4.63366587269703e-239	1.68991567124936	0.99	0.607	1.55403886038513e-234	KLRB1	c13
6.77199879457933e-237	2.87414036299258	0.404	0.076	2.27119295572602e-232	IL4I1	c13
1.68045125727444e-235	3.03420473321218	0.276	0.037	5.635897426647e-231	TRBV6-1	c13
1.82252484112981e-235	4.23693620451791	0.117	0.007	6.11238381218114e-231	LINC01644	c13
2.52375678153455e-222	3.19906424290291	0.373	0.071	8.46417549391056e-218	LST1	c13
6.707062508793e-216	2.26858833274666	0.419	0.085	2.249414624199e-211	EOMES	c13
7.10397669877732e-212	1.21994343690259	0.741	0.221	2.38253170523594e-207	GZMK	c13
4.36272475860345e-199	2.90780973536394	0.266	0.04	1.46317062954043e-194	IGFBP4	c13
1.05401350208593e-185	3.33927415174008	0.165	0.017	3.5349504832958e-181	CA2	c13
2.07036330934491e-171	3.29188499459812	0.207	0.028	6.94358446688097e-167	COLQ	c13
3.02168881999955e-167	4.74267282297555	0.075	0.004	1.01341399645145e-162	PLD1	c13
1.05154603815216e-161	1.41998721770181	0.878	0.456	3.5266751027547e-157	CTSW	c13
5.01776534227785e-156	0.95944922450077	1	0.892	1.68285814049314e-151	S100A4	c13
1.99357640021712e-144	1.82468175417741	0.931	0.701	6.68605653104819e-140	NFKBIA	c13
4.38819475502462e-141	2.49014607307482	0.271	0.054	1.47171275694016e-136	CXXC5	c13
3.11724419325673e-140	4.06639141461606	0.083	0.006	1.04546135753444e-135	SCART1	c13
2.03695723221509e-135	1.12969597859991	0.994	0.955	6.83154716540295e-131	DUSP1	c13
4.17043403379445e-134	1.53379859853937	0.956	0.763	1.39868016625398e-129	DUSP2	c13
1.03843435691237e-131	7.89011230502198	0.014	0	3.48270114621269e-127	AC010967.1	c13
1.94645463193342e-128	3.28217042739698	0.139	0.017	6.5280195445783e-124	B3GNT8	c13
2.6937155542106e-126	3.60800998352738	0.097	0.009	9.0341832257115e-122	SCRN1	c13
2.85017008554693e-124	3.43280465314245	0.335	0.087	9.5589004329073e-120	CCL20	c13
1.24643226514339e-123	2.95692587562199	0.16	0.023	4.18028453083791e-119	PLXND1	c13
7.03361217967864e-118	1.12578340639268	0.962	0.733	2.35893285282062e-113	LTB	c13
3.5899761366401e-107	0.813540384077765	0.986	0.9	1.20400619670636e-102	S100A6	c13
7.30986826715355e-107	3.63427065222239	0.087	0.008	2.45158361943796e-102	P2RY14	c13
6.06400719435254e-106	1.7229534981151	0.166	0.027	2.03374673284196e-101	TRBV4-2	c13
5.8903610982902e-104	1.8224313947906	0.414	0.139	1.97550930514457e-99	DPP4	c13
7.32602422496443e-104	1.58234477962226	0.619	0.296	2.45700200456857e-99	IFNGR1	c13
8.02100514937645e-104	3.07071406382823	0.134	0.019	2.69008470699787e-99	TLE1	c13
8.34244976036022e-100	3.70691346522694	0.075	0.007	2.79789080062961e-95	ELOVL4	c13
4.82903343118804e-98	4.07515094071088	0.055	0.004	1.61956123215185e-93	FLT4	c13
6.30935122809769e-98	1.8485268243148	0.302	0.083	2.1160302148794e-93	CTSH	c13
6.51274859775371e-98	2.18854018946439	0.27	0.068	2.18424562471464e-93	ADRB2	c13
9.4589478453442e-93	2.96219922889317	0.122	0.018	3.17234192837154e-88	LTK	c13
1.19066553773322e-89	4.44578205934576	0.031	0.001	3.99325408044968e-85	MNDA	c13
1.67432198369604e-89	0.925704762087614	0.931	0.724	5.61534106891978e-85	SPOCK2	c13
1.36496211563561e-87	2.50299838122735	0.163	0.031	4.5778099434187e-83	IL17RE	c13
1.99989466926567e-85	1.69296603233726	0.339	0.109	6.70724674178321e-81	IKZF2	c13
1.22597797968554e-84	1.34522380138372	0.38	0.129	4.11168494826937e-80	PLEK	c13
2.82131037710495e-84	2.81143005113007	0.115	0.017	9.46211074273459e-80	TSPAN15	c13
1.07407922580847e-81	2.10741258845702	0.232	0.06	3.60224690751646e-77	AC006369.1	c13
4.25529710019002e-78	5.67614412304058	0.017	0	1.42714154146173e-73	AC123912.4	c13
4.19075077433519e-77	2.75955125624259	0.114	0.018	1.40549399469654e-72	ADAM12	c13
4.45841537342766e-77	1.75628828875463	0.363	0.134	1.49526334794017e-72	PHACTR2	c13
1.39064489953e-76	2.5661701104431	0.172	0.038	4.66394486404372e-72	AC004585.1	c13
6.010436364151e-75	1.03119577024483	0.99	0.964	2.01578014780896e-70	CD69	c13
1.18849326637056e-71	0.451182829497888	0.918	0.555	3.98596871675358e-67	NKG7	c13
1.06725017020301e-70	0.983984133405689	0.775	0.478	3.57934362082685e-66	GBP5	c13
1.09727671059512e-69	0.995648238904161	0.917	0.78	3.6800466319939e-65	CXCR4	c13
2.9331624957925e-68	0.8125381176072	0.955	0.894	9.83724037838888e-64	ZFP36L1	c13
5.82571773828768e-68	0.788164647741828	0.8	0.434	1.95382921506692e-63	CCL4	c13
6.21338668817828e-68	2.37161140080356	0.113	0.019	2.08384562748123e-63	DKK3	c13
2.59149360315743e-63	0.844673286544255	0.772	0.501	8.69135124626937e-59	PRF1	c13
1.13748972803949e-62	3.19951579494702	0.076	0.01	3.81491304989883e-58	ESPN	c13
4.74164244766682e-61	1.59357989015874	0.294	0.104	1.5902520440985e-56	PTGDR	c13
6.11113803002086e-60	1.25276598353892	0.432	0.193	2.04955347250839e-55	SAMD3	c13
6.06658264837601e-59	5.6912756154624	0.014	0	2.03461048861235e-54	SHISA8	c13
7.67051761995568e-58	1.61741687577206	0.426	0.206	2.57253819938074e-53	LYST	c13
1.26175836145483e-57	0.964418124697764	0.678	0.416	4.2316851926472e-53	AQP3	c13
2.7429788868599e-57	1.02808502964232	0.674	0.439	9.19940259075074e-53	GPR65	c13
2.64638148303086e-53	1.97172482785318	0.166	0.045	8.87543421778889e-49	LINC02084	c13
3.37160414225211e-53	0.547554064820845	0.985	0.914	1.13076859722851e-48	HCST	c13
4.80519051402906e-52	1.0295499999693	0.924	0.839	1.61156479459507e-47	BTG2	c13
1.24702297070594e-51	1.15772600288535	0.496	0.268	4.18226563915357e-47	CMC1	c13
1.2651570100598e-51	1.46816723545815	0.339	0.146	4.24308358033855e-47	IL18RAP	c13
2.06650777625603e-51	3.02797805410869	0.066	0.009	6.93065378000748e-47	TNFRSF13C	c13
2.97016381078567e-51	1.90074414476711	0.212	0.07	9.96133538861297e-47	CPNE7	c13
4.47796412997145e-50	1.16457927484413	0.48	0.257	1.50181960990982e-45	TNFRSF25	c13
4.48989734724701e-50	4.91597673511565	0.017	0.001	1.5058217723197e-45	NRN1	c13
1.40074975102637e-49	1.18684849325312	0.501	0.274	4.69783451499224e-45	SATB1	c13
5.50311074405813e-49	0.935322570165744	0.685	0.473	1.84563328134221e-44	CCDC107	c13
2.53982390047491e-47	0.85614774276792	0.966	0.931	8.51806139741276e-43	ZFP36	c13
1.7570714282362e-46	1.18776708118026	0.827	0.706	5.89286615601857e-42	IER2	c13
8.23285884360955e-46	0.786745298773709	0.759	0.549	2.76113619896977e-41	RORA	c13
1.02216078191855e-45	2.145566113534	0.101	0.022	3.42812283039843e-41	PPP1R2C	c13
1.07029926093252e-45	1.09408089172201	0.55	0.35	3.58956966131547e-41	CTSA	c13
2.52277431726038e-44	2.11450248227492	0.128	0.033	8.46088050522787e-40	COL5A3	c13
3.92235291403907e-44	0.975509430706075	0.484	0.259	1.31547872031042e-39	TMIGD2	c13
6.58281146896156e-44	1.1741890767598	0.567	0.357	2.20774331046033e-39	BHLHE40	c13
1.1965695220757e-43	4.41038850470872	0.024	0.002	4.01305486313747e-39	DAB2IP	c13
6.35831025865064e-43	1.13331514606853	0.395	0.195	2.13245009454625e-38	MYBL1	c13
9.74721206053958e-43	0.914780921254972	0.596	0.38	3.26901998086377e-38	SH2D1A	c13
7.47904832240609e-42	1.67997681920023	0.283	0.123	2.50832322636855e-37	TRGV2	c13
1.18095289086653e-40	0.41616532096991	1	0.996	3.96067980538818e-36	MT-ND3	c13
1.30906059317231e-40	1.00316862773317	0.9	0.805	4.3903274173813e-36	JUN	c13
3.76664650899044e-40	2.26637026092884	0.122	0.033	1.26325790618522e-35	AC245014.3	c13
6.86867596751012e-40	3.23228246935973	0.032	0.003	2.30361654598354e-35	KLRF1	c13
8.64940898906529e-40	1.67256377212804	0.194	0.069	2.90083878675272e-35	PIK3AP1	c13
9.47686019137111e-40	1.56651573517798	0.224	0.086	3.17834937098204e-35	IFI44	c13
2.48629957791948e-39	0.575800870882883	0.744	0.442	8.33855152442636e-35	CD8A	c13
3.56944703517092e-39	0.926883461333913	0.53	0.314	1.19712114665562e-34	ERN1	c13
7.23461128706676e-39	1.78120706831875	0.181	0.063	2.42634393345645e-34	NR1D1	c13
1.52980955877422e-38	0.301419963768336	1	0.999	5.13067529821698e-34	HLA-B	c13
7.35627257386342e-38	0.608433068501551	0.965	0.895	2.46714669582231e-33	FOS	c13
1.22640182170347e-37	0.987628658277682	0.484	0.285	4.1131064296291e-33	CERK	c13
1.24413066264479e-37	1.14297839663345	0.401	0.219	4.17256541637808e-33	ZC3H12A	c13
1.40888523405002e-37	0.244697856726797	1	0.999	4.72511929795697e-33	HLA-C	c13
1.89418604042443e-37	2.86105639819184	0.048	0.007	6.35272114237544e-33	COL5A1	c13
2.98052207650412e-37	1.12667269663886	0.627	0.433	9.99607494017952e-33	PHLDA1	c13
4.71992330439958e-37	0.307075630847384	1	0.997	1.58296787782953e-32	MT-CYB	c13
1.91382181009115e-36	0.252888509947076	1	0.998	6.4185755866837e-32	MT-ND4L	c13
2.49924720396563e-36	0.9070290251368	0.698	0.506	8.38197527265994e-32	MT2A	c13
3.1527399628422e-36	0.839599842553878	0.556	0.343	1.05736592873802e-31	MATK	c13
7.95947485421883e-36	2.89640283842941	0.045	0.006	2.66944867660791e-31	A2M-AS1	c13
1.48981298180794e-35	2.50558658796733	0.07	0.014	4.99653477838746e-31	RAB6B	c13
4.12581852401847e-35	5.27158176040464	0.01	0	1.38371701658531e-30	VAT1L	c13
4.55193113886437e-35	0.861191839729155	0.601	0.406	1.52662666535233e-30	JAML	c13
9.52706321415133e-35	1.80724069107721	0.179	0.065	3.19518646076207e-30	CACNA2D4	c13
1.11954167659868e-34	1.06085758994039	0.436	0.253	3.75471887497666e-30	IGFLR1	c13
6.63649312672062e-34	0.704599436276379	0.437	0.234	2.22574706483956e-29	CCR6	c13
8.54873641763024e-34	1.02046218375746	0.356	0.184	2.86707521974483e-29	MAF	c13
1.55700474126266e-33	1.92638613756474	0.101	0.027	5.22188250124671e-29	HDAC9	c13
2.41985087727115e-33	2.69550718533875	0.059	0.011	8.11569587219198e-29	TRIQK	c13
3.02346116409069e-33	3.87118894093207	0.048	0.008	1.01400840521273e-28	S100B	c13
4.13050826935141e-33	0.577702165340667	0.986	0.961	1.38528986337508e-28	JUNB	c13
4.19304471539584e-33	1.00024069986099	0.463	0.269	1.40626333664946e-28	TNF	c13
5.327519313448e-33	2.08111928643737	0.111	0.032	1.78674342734419e-28	KIF5C	c13
4.61813684715934e-32	0.844314850008347	0.532	0.339	1.5488307358003e-27	LYAR	c13
8.38505542458785e-32	0.673702985590759	0.65	0.462	2.81217988829827e-27	GYG1	c13
8.87815903755063e-32	1.80697812499498	0.242	0.108	2.97755697801373e-27	CD83	c13
2.71626128724164e-31	1.87945162767715	0.122	0.038	9.10979710515101e-27	CYTH3	c13
3.28139816690693e-31	0.372674206314325	0.921	0.682	1.10051531721725e-26	IL7R	c13
3.7219319934135e-31	4.88088346159434	0.014	0.001	1.24826155195102e-26	NTN4	c13
4.33019765891205e-31	1.76228045793444	0.162	0.06	1.45226169084592e-26	NRIP1	c13
2.6912603309928e-30	0.212225833696717	1	0.998	9.02594889808364e-26	MT-CO2	c13
3.0716957924507e-30	0.304068349343775	0.997	0.996	1.03018533487212e-25	MT-ATP8	c13
8.09308095474421e-30	2.49441272874109	0.049	0.009	2.71425749060211e-25	PDGFB	c13
9.78460294070942e-30	0.633133199294577	0.879	0.801	3.28156013425513e-25	PPP1R15A	c13
1.23008660407023e-29	5.25576584257778	0.013	0.001	4.12546445273074e-25	PRICKLE1	c13
2.84310517654198e-29	2.34014224856512	0.015	0.001	9.5352061410865e-25	S100A9	c13
3.71017687179392e-29	4.20641606150497	0.014	0.001	1.24431911926224e-24	ARL14EPL	c13
5.52041585988365e-29	0.807452842792094	0.703	0.527	1.85143707108778e-24	RGS2	c13
7.48613116141554e-29	1.22549438866055	0.277	0.139	2.51069866891555e-24	ELK3	c13
8.45535160232185e-29	1.34075475954302	0.246	0.117	2.8357558203867e-24	GTF3C1	c13
4.30600715900454e-28	1.40970213765904	0.21	0.092	1.44414868098694e-23	MAFF	c13
5.48846955275993e-28	3.98514769656937	0.013	0.001	1.84072291860462e-23	IL1RL1	c13
6.13128237514415e-28	0.500701982283933	0.841	0.728	2.05630948297584e-23	PDCD4	c13
6.32834075311573e-28	1.35108706337491	0.205	0.089	2.12239892177995e-23	ERGIC1	c13
8.39632694117568e-28	0.286666702254859	0.909	0.754	2.8159601295315e-23	CST7	c13
2.89060594687244e-27	1.21113708351082	0.29	0.152	9.69451422462078e-23	ATF7IP2	c13
1.35043451354519e-26	2.06239006069168	0.059	0.013	4.52908727152785e-22	SLC4A4	c13
2.12133375688405e-26	0.305448914443114	0.999	0.989	7.11452915383773e-22	MT-ND5	c13
3.41362172433142e-26	0.742736325845321	0.557	0.388	1.14486045390627e-21	CDC42EP3	c13
4.38120912329962e-26	1.0492462540021	0.325	0.18	1.46936991577223e-21	AD000671.2	c13
5.87436926382823e-26	0.521979660936471	0.952	0.884	1.97014596370271e-21	TNFAIP3	c13
1.02997496664531e-25	1.08070005651808	0.278	0.144	3.45433004313503e-21	TXK	c13
1.26195000114344e-25	0.585970421357902	0.741	0.616	4.23232791383485e-21	BZW1	c13
7.44507623595911e-25	0.777030731743602	0.578	0.428	2.49692966801597e-20	PNP	c13
1.15759010483666e-24	1.832349898498	0.098	0.031	3.8823256936012e-20	IRAK2	c13
4.43149518262792e-24	2.11690340038215	0.16	0.067	1.48623485434975e-19	IER3	c13
4.53045652634839e-24	0.217959707609467	1	0.998	1.51942450980672e-19	MT-CO3	c13
8.63408563207778e-24	4.34633527688253	0.014	0.001	2.89569963928624e-19	MAST1	c13
1.65362261938585e-23	0.978614420121706	0.314	0.176	5.54591954089626e-19	ABCB1	c13
1.74372856880896e-23	1.08779227432926	0.288	0.156	5.84811687407148e-19	IER5	c13
2.15718237610912e-23	0.909639206184008	0.383	0.231	7.23475825299478e-19	SESN1	c13
4.08796396386477e-23	0.539545651763764	0.207	0.094	1.37102135420097e-18	TRGV4	c13
4.40074581634781e-23	0.83532090511619	0.473	0.319	1.47592213188673e-18	NFKB1	c13
5.71621927752785e-23	1.59177713074302	0.134	0.052	1.91710562129729e-18	PLXNC1	c13
6.74181235952863e-23	1.18440246886187	0.218	0.106	2.26106902913871e-18	LPAR5	c13
9.09555006746065e-23	1.8875275975396	0.072	0.02	3.05046558162495e-18	NEO1	c13
1.878833007324e-22	0.74793562912277	0.481	0.324	6.30123013996322e-18	PRNP	c13
2.26689295697016e-22	0.570727451359471	0.743	0.624	7.60270559908651e-18	RPL22L1	c13
2.45491608635462e-22	0.54984944068236	0.582	0.412	8.23329757041611e-18	LAG3	c13
2.78634893625856e-22	0.731545083118117	0.633	0.496	9.34485706242397e-18	NFKBIZ	c13
2.91778808415981e-22	0.675173735632022	0.577	0.437	9.78567767665518e-18	CASP1	c13
3.68737888751402e-22	1.89515377083812	0.105	0.037	1.23667313129445e-17	IQCG	c13
4.99067806769204e-22	0.567945540615393	0.757	0.652	1.67377361034255e-17	LBH	c13
5.23687802980966e-22	0.351609584861197	0.994	0.987	1.75634415363756e-17	BTG1	c13
5.42269465458652e-22	2.86378711403612	0.028	0.004	1.81866333325523e-17	PROCR	c13
6.82331177701453e-22	2.03417714640203	0.089	0.028	2.28840230377513e-17	PEAK1	c13
1.28020077819156e-21	1.01500370981298	0.25	0.13	4.29353736989884e-17	SKAP2	c13
1.44031111468712e-21	0.608870831760998	0.636	0.49	4.83051541643767e-17	FKBP11	c13
1.85695445120954e-21	0.854476137171833	0.447	0.31	6.22785383846657e-17	RAB18	c13
3.30292202483213e-21	1.95524545889339	0.075	0.022	1.1077339886882e-16	AF213884.3	c13
3.84470885269184e-21	2.10239718997267	0.049	0.011	1.28943845501579e-16	AC007952.4	c13
4.95552358587232e-21	1.43225515395563	0.165	0.074	1.66198350022986e-16	ABHD15	c13
5.15776781071593e-21	0.798894295376568	0.433	0.292	1.72981216835791e-16	EFHD2	c13
7.26628571574802e-21	0.471822783108405	0.75	0.622	2.43696690334757e-16	YWHAQ	c13
1.01565577325696e-20	1.71325428685385	0.111	0.042	3.40630633234919e-16	CCR1	c13
1.04714846353024e-20	0.739927269297255	0.363	0.218	3.51192651698773e-16	SLAMF7	c13
1.37537588878985e-20	0.584973861400336	0.633	0.479	4.61273565582341e-16	AC020916.1	c13
1.50773623871385e-20	0.527852253478293	0.714	0.604	5.0566457973985e-16	TNFAIP8	c13
1.71684208133612e-20	1.38851916574902	0.158	0.07	5.75794497238509e-16	ZBTB10	c13
2.72267836867636e-20	1.20203943055872	0.142	0.06	9.13131871286676e-16	HPGD	c13
2.93045475514234e-20	1.36196091044961	0.156	0.069	9.82815915779637e-16	WHRN	c13
4.33140202726196e-20	1.68960378993938	0.114	0.044	1.45266561190312e-15	RARG	c13
8.5546300048484e-20	0.749585097238427	0.409	0.267	2.86905181102606e-15	GLRX	c13
1.32724468672496e-19	0.973322591895658	0.321	0.193	4.45131323033817e-15	PRR5	c13
1.74242276451308e-19	0.973739678837474	0.345	0.218	5.84373746762395e-15	AC004687.1	c13
1.79573923789403e-19	0.170366801499163	1	0.999	6.022550256049e-15	MT-CO1	c13
1.88291635452623e-19	0.938058051300046	0.442	0.312	6.31492486981008e-15	RBPJ	c13
2.19730754170035e-19	0.195952362963737	1	0.996	7.36933003335463e-15	RPLP0	c13
2.68891316893152e-19	1.02221302791281	0.197	0.096	9.01807698596252e-15	PLCB1	c13
2.8134851126327e-19	0.551207117931913	0.65	0.505	9.43586637074754e-15	PARP8	c13
4.68048688226257e-19	1.78007891253982	0.082	0.027	1.56974169057322e-14	COL6A2	c13
5.14391844567149e-19	0.957130397782511	0.336	0.21	1.72516736830931e-14	SNX9	c13
8.31734354534549e-19	1.71634486334672	0.084	0.029	2.78947067823797e-14	TMEM117	c13
1.81055023224468e-18	1.08960048738544	0.264	0.154	6.07222336890221e-14	ARL3	c13
1.81133036955032e-18	0.831809123620558	0.399	0.274	6.07483979339787e-14	LPCAT4	c13
3.33111359471708e-18	2.59860178528493	0.031	0.006	1.11718887739621e-13	VLDLR	c13
3.36248406742061e-18	1.43764916713907	0.134	0.058	1.12770990653152e-13	ARHGAP10	c13
4.64932720053442e-18	0.153424939680238	1	0.999	1.55929135651523e-13	EEF1A1	c13
6.05978846604393e-18	0.620226378223896	0.405	0.265	2.03233185574181e-13	TNFSF9	c13
6.78524322106717e-18	1.57236927363273	0.08	0.027	2.27563487148151e-13	TPBG	c13
8.32574511111095e-18	1.37956133694679	0.122	0.052	2.79228839536439e-13	LYN	c13
9.48130859118816e-18	0.475214333933495	0.779	0.684	3.17984127531268e-13	SQSTM1	c13
1.54616659759053e-17	4.00292294085591	0.013	0.001	5.18553353499912e-13	ROR2	c13
2.18902748811763e-17	1.22858159200052	0.187	0.096	7.34156038964889e-13	TBC1D31	c13
2.44342224872586e-17	1.96572224939444	0.059	0.017	8.1947495377768e-13	KRT86	c13
3.51925965088277e-17	0.278060078191217	0.989	0.964	1.18028930171306e-12	MT-ND2	c13
4.10620977577733e-17	0.500285959550311	0.743	0.641	1.3771406346002e-12	SH2D2A	c13
6.05081816503709e-17	0.894088533990787	0.278	0.167	2.02932339619014e-12	LAX1	c13
8.03713528783231e-17	0.15910272970931	1	0.996	2.6954944328332e-12	RPL6	c13
1.1063685714797e-16	0.880804970624244	0.357	0.239	3.71053891502863e-12	IPCEF1	c13
1.56557119598727e-16	2.50814243450389	0.03	0.006	5.25061267710212e-12	AL360012.1	c13
3.07698656581426e-16	1.03045781643365	0.231	0.132	1.03195975444279e-11	DUSP16	c13
4.15224676081271e-16	0.669099796367545	0.376	0.25	1.39258051864137e-11	SYTL2	c13
6.43995434507677e-16	0.166195305058164	1	0.998	2.15983188825185e-11	EIF1	c13
7.0167815422922e-16	0.642864622606845	0.471	0.353	2.35328819365396e-11	DNAJC1	c13
7.82310018930381e-16	0.230710639740487	0.987	0.963	2.62371134148871e-11	MT-ND4	c13
8.91569990060485e-16	2.86654318668297	0.017	0.002	2.99014743266485e-11	CDHR1	c13
1.24863452578987e-15	0.640653431583555	0.43	0.301	4.18767047259407e-11	ARL4A	c13
1.75310208626261e-15	1.04368648336393	0.21	0.117	5.87955377690755e-11	GTDC1	c13
2.18178949627599e-15	0.306781632879927	0.861	0.786	7.3172856126104e-11	SEPT7	c13
2.56081417844096e-15	0.361195263088567	0.947	0.919	8.5884585916553e-11	HSP90AB1	c13
2.7388953874864e-15	0.428094187449477	0.672	0.559	9.18570735055187e-11	JUND	c13
2.91671535788546e-15	1.04235581710123	0.156	0.077	9.78207996727626e-11	AC087239.1	c13
3.15133148390701e-15	0.475213448141266	0.644	0.523	1.05689355307273e-10	TC2N	c13
3.97720779002811e-15	0.360789860370432	0.698	0.572	1.33387594861963e-10	FCMR	c13
4.65222126310661e-15	0.345854954219039	0.813	0.709	1.5602619672207e-10	FOSB	c13
7.04088706033142e-15	0.394359811787754	0.664	0.545	2.36137270229395e-10	TTC39C	c13
8.23814518785586e-15	1.99106824105564	0.044	0.012	2.7629091331031e-10	MATN2	c13
1.74563180581186e-14	1.74081388090418	0.048	0.014	5.85449995033181e-10	FAM169A	c13
1.83886117243267e-14	0.237554718615381	0.982	0.97	6.16717260010469e-10	PNRC1	c13
2.02909118788587e-14	0.751921976556656	0.444	0.325	6.80516602593163e-10	SERTAD1	c13
2.30288259304118e-14	1.333507328267	0.103	0.044	7.72340764054151e-10	TYROBP	c13
2.60397724199106e-14	2.45858725022496	0.034	0.008	8.73321887418961e-10	PLEKHA7	c13
2.66351812321404e-14	0.303487220766246	0.582	0.434	8.93290708163524e-10	CXCR6	c13
3.20466158719761e-14	0.397554109696438	0.814	0.737	1.07477940311433e-09	DNAJA1	c13
4.03746539928855e-14	0.326471366143845	0.882	0.817	1.35408514561339e-09	MT-ND6	c13
4.21386699945995e-14	0.788285166097115	0.405	0.291	1.41324671427888e-09	RBKS	c13
6.94385359578821e-14	1.40744481884943	0.163	0.087	2.32882961895545e-09	PPP1R14B	c13
7.21739786662454e-14	1.82238256974366	0.045	0.013	2.42057089650854e-09	KIT	c13
7.81294696284393e-14	1.62850382631395	0.107	0.048	2.6203061523986e-09	FSD1	c13
8.83178326031856e-14	0.182722471761691	0.999	0.992	2.96200346984564e-09	MT-ND1	c13
9.23504628361004e-14	3.17480533795624	0.017	0.002	3.09724982259713e-09	AL591368.1	c13
9.65627606982547e-14	0.42809890275358	0.623	0.503	3.23852186829807e-09	RBMS1	c13
9.81940618198432e-14	0.69382160374501	0.443	0.328	3.2932324453139e-09	DUSP5	c13
1.01247430763481e-13	0.772658667679629	0.318	0.211	3.39563633294563e-09	TLE4	c13
1.45010550693269e-13	0.361094743440117	0.882	0.812	4.86336384915084e-09	TAGAP	c13
1.54023480756765e-13	0.397341390059324	0.684	0.585	5.1656394976204e-09	PAK2	c13
1.55267827991946e-13	1.04932399980852	0.129	0.062	5.20737241519390e-09	TCEAL3	c13
1.63015602391408e-13	3.33422942274864	0.014	0.002	5.46721727300303e-09	MT3	c13
2.04648814530585e-13	1.31080737015521	0.101	0.044	6.86351194172676e-09	IFI44L	c13
2.58863450713741e-13	3.74777446155915	0.011	0.001	8.68176241003744e-09	WSCD2	c13
2.7326430448068e-13	0.192495899440727	0.416	0.277	9.16473824367304e-09	KLF2	c13
3.08320938952579e-13	1.92697597349183	0.042	0.012	1.03404676505916e-08	SAMD12	c13
3.53933009824249e-13	0.871312693220152	0.29	0.192	1.18702052834857e-08	ARL14EP	c13
3.57610768284093e-13	1.15419524462376	0.134	0.066	1.19935499467119e-08	NAB2	c13
3.67008658914604e-13	1.35451605054226	0.124	0.06	1.2308736402678e-08	FHL3	c13
3.69628176797161e-13	0.413822156904559	0.706	0.613	1.23965897934232e-08	PTPN6	c13
5.78853951902326e-13	0.818500315410871	0.169	0.091	1.94136038389002e-08	NELL2	c13
5.92070819330695e-13	0.514042541336317	0.609	0.491	1.98568711387128e-08	GBP2	c13
6.40488018515064e-13	1.48592026564891	0.143	0.074	2.14806871649582e-08	SGK1	c13
7.31277892286347e-13	1.07410242958258	0.135	0.067	2.45255979514995e-08	TRGV8	c13
7.59729456165977e-13	0.793866774244658	0.316	0.218	2.54798065008945e-08	BCL7C	c13
1.03641067732052e-12	0.191923740067162	0.985	0.965	3.47591412959756e-08	LAPTM5	c13
1.13699402553028e-12	1.38618689426393	0.076	0.03	3.81325056282345e-08	HOOK1	c13
1.14018091120754e-12	0.480782819287348	0.572	0.472	3.82393874000784e-08	EIF4A1	c13
1.17482295507995e-12	0.229676381211913	0.986	0.981	3.94012122674713e-08	SRGN	c13
1.34670760336215e-12	1.64141425303318	0.063	0.023	4.51658796015599e-08	SLC15A4	c13
1.3654125783998e-12	0.718790611317861	0.312	0.208	4.57932070543726e-08	PLAC8	c13
1.44621080932222e-12	0.74683003614347	0.308	0.208	4.85030181230487e-08	CD151	c13
1.50793161798737e-12	0.387558539480955	0.66	0.537	5.05730106040605e-08	LINC01871	c13
1.6834049497427e-12	0.785111401226845	0.235	0.143	5.64580352044708e-08	TNFSF13B	c13
2.058413600128e-12	1.68409271885719	0.072	0.028	6.90350753210929e-08	B4GALT5	c13
2.0692525886477e-12	2.97778289764276	0.014	0.002	6.93985933180667e-08	FBXO27	c13
2.21197507687349e-12	2.46407290798021	0.018	0.003	7.41852201281831e-08	PAK3	c13
3.66958692280939e-12	2.297211044506	0.032	0.008	1.23070606217181e-07	AC092580.2	c13
3.70105595763808e-12	1.80027140488693	0.055	0.019	1.24126014707266e-07	PLEKHG3	c13
3.75358767697793e-12	0.335051380500548	0.582	0.45	1.25887823510486e-07	LITAF	c13
4.52325163887801e-12	1.14676958648876	0.131	0.067	1.51700813464691e-07	SPATS2L	c13
4.70878174555129e-12	0.415841715453289	0.654	0.553	1.57923122182299e-07	YWHAH	c13
4.90497196889139e-12	0.578803283753704	0.392	0.279	1.64502949892679e-07	PTMS	c13
5.06931746119578e-12	3.26687722436103	0.013	0.002	1.70014769013584e-07	ATP1B2	c13
6.48841718862287e-12	0.816865418823223	0.222	0.135	2.17608535672034e-07	TRGC2	c13
6.87804808236357e-12	0.164665037381379	1	0.997	2.30675976586309e-07	MT-ATP6	c13
7.3049073895104e-12	0.951227835235851	0.219	0.138	2.449919840294e-07	LUZP1	c13
7.44363581271504e-12	3.48856258564162	0.011	0.001	2.49644657886837e-07	GIPC2	c13
7.81133400439987e-12	0.705838509992061	0.302	0.204	2.61976519839563e-07	RAB9A	c13
7.89488035650749e-12	0.946764213018	0.149	0.08	2.64778497396548e-07	TRGV9	c13
8.26444073051426e-12	2.3225855413969	0.024	0.005	2.77172813219987e-07	TCF7L2	c13
8.30587601120347e-12	0.386639231338462	0.515	0.39	2.78562469663742e-07	RHOC	c13
8.32184727780271e-12	0.435958884838948	0.556	0.452	2.79098114002947e-07	APOBEC3G	c13
8.52070667104971e-12	1.71517754526093	0.032	0.008	2.85767460333665e-07	SEMA4A	c13
8.62499211153276e-12	0.751346785491989	0.238	0.149	2.89264985436586e-07	RUNX2	c13
9.63325235000335e-12	0.538146327030155	0.52	0.418	3.23080017314412e-07	RNF19A	c13
9.88717618680267e-12	0.804982995432833	0.212	0.129	3.31596114952988e-07	NR1D2	c13
1.1582156709809e-11	1.30101676373286	0.159	0.088	3.88442371733576e-07	CCL3L1	c13
1.25044413537657e-11	2.21022078834518	0.045	0.014	4.19373954122593e-07	MYB	c13
1.5139960919186e-11	0.647317146204172	0.342	0.241	5.0776400930766e-07	YARS	c13
1.66587861233086e-11	1.0060467367524	0.16	0.09	5.58702369003525e-07	DBN1	c13
1.88702573550362e-11	0.401250683032903	0.698	0.607	6.32870691173203e-07	ADGRE5	c13
1.97921872162403e-11	0.267482571148902	0.729	0.595	6.63790374858268e-07	ID2	c13
2.98330811856274e-11	0.476087435069327	0.56	0.456	1.00054187680357e-06	VSIR	c13
3.05558784330068e-11	0.815744123689359	0.262	0.172	1.02478305088618e-06	IL18R1	c13
4.21394474235255e-11	1.12344056308936	0.052	0.018	1.4132727876902e-06	TRAV1-1	c13
5.7516447721263e-11	0.541880973900126	0.449	0.348	1.92898662367572e-06	ACAA2	c13
6.01078143290408e-11	0.673454852575636	0.359	0.265	2.01589587696737e-06	MTFP1	c13
6.02105661237373e-11	1.25968198255337	0.09	0.041	2.0193419666579e-06	EVA1C	c13
6.02518232214267e-11	0.757684464455822	0.297	0.206	2.02072564720021e-06	NFKBIB	c13
6.2416948992947e-11	0.793024738060592	0.205	0.127	2.09333963532546e-06	LTA	c13
9.22696894881816e-11	2.31421385423633	0.02	0.004	3.09454084605464e-06	PDGFA	c13
1.06030422909009e-10	0.932565506655251	0.146	0.08	3.55604832352236e-06	TP53I11	c13
1.09672264223135e-10	0.264522089668501	0.758	0.644	3.67818839751552e-06	GZMM	c13
1.11161729885389e-10	0.477349231462572	0.475	0.376	3.72814209689617e-06	TMEM109	c13
1.19474950643391e-10	2.02313717711266	0.041	0.013	4.00695089467805e-06	TNS4	c13
1.19911197583029e-10	0.442032328634761	0.558	0.456	4.02158174453964e-06	SLA	c13
1.3047897243657e-10	1.54622775485588	0.06	0.024	4.37600377757768e-06	IGSF22	c13
1.3303710634309e-10	0.276514673007416	0.73	0.642	4.46179847253455e-06	CYCS	c13
1.40091339732442e-10	2.00258390165164	0.028	0.007	4.69838335194663e-06	TLE2	c13
1.51880879531285e-10	1.07552606914885	0.124	0.065	5.09378093772023e-06	HIST2H2AA4	c13
1.77768961892758e-10	2.57599411408353	0.025	0.006	5.96201544395933e-06	LINC01146	c13
1.87646783607595e-10	0.316505031781902	0.893	0.832	6.29329782863152e-06	NR4A2	c13
2.00116089438799e-10	0.346946566327323	0.665	0.556	6.71149340759843e-06	SIRPG	c13
2.55117606228536e-10	0.411605942566953	0.596	0.513	8.55613427769263e-06	XBP1	c13
2.61474296657939e-10	0.35754732077423	0.537	0.419	8.76932496131394e-06	SLAMF1	c13
2.61498702421445e-10	2.97117973614856	0.011	0.002	8.77014348181041e-06	ARSJ	c13
2.9316513933113e-10	1.50563731952919	0.084	0.039	9.83217244288744e-06	SDC4	c13
3.48873303738132e-10	3.22547054115798	0.01	0.001	1.17005128607695e-05	MFAP3L	c13
3.67851049681941e-10	0.594340666458177	0.287	0.195	1.23369885042329e-05	AC007384.1	c13
3.76493866745855e-10	0.39972755317125	0.622	0.52	1.26268513029225e-05	NR4A1	c13
3.88004980274874e-10	2.20496367692563	0.02	0.004	1.30129110284587e-05	TGFA	c13
3.91496901064516e-10	3.09572378766294	0.017	0.003	1.31300230679017e-05	C2CD4B	c13
4.16806142943033e-10	1.3188896597661	0.117	0.061	1.39788444220234e-05	AC004832.6	c13
4.49431554834615e-10	0.851265879295444	0.316	0.23	1.50730354860433e-05	KMT2E-AS1	c13
4.51625282058163e-10	1.27690648247311	0.079	0.035	1.51466087096667e-05	MYO1D	c13
6.99434018013964e-10	0.612541102206874	0.315	0.21	2.34576180961523e-05	CCL4L2	c13
7.66529393403756e-10	0.944179133756284	0.16	0.094	2.57078627959752e-05	GALC	c13
9.17570262500097e-10	1.0809634901217	0.073	0.032	3.07734714637283e-05	PLEKHA5	c13
9.38007825101007e-10	0.660918319633238	0.3	0.214	3.14589064382376e-05	NFKBID	c13
1.00091793892912e-09	1.15366294939338	0.114	0.06	3.35687858358047e-05	LINC002481	c13
1.02502474096572e-09	0.424781896440982	0.48	0.385	3.43772797625084e-05	APMAP	c13
1.03023994988353e-09	0.224619788624233	0.918	0.879	3.4552187439194e-05	TPM3	c13
1.09560040863914e-09	0.554794524456527	0.425	0.337	3.67442465049395e-05	CISD3	c13
1.24158078877503e-09	0.372358684822375	0.577	0.492	4.16401364939368e-05	ARPC5L	c13
1.2999011394914e-09	2.31777927700592	0.017	0.003	4.35960844162627e-05	AL161729.1	c13
1.3013741728009e-09	0.250824600607807	0.734	0.631	4.36454870073967e-05	CSRNP1	c13
1.35465951369705e-09	1.3908896952849	0.056	0.022	4.54325707703716e-05	NR3C2	c13
1.52616619732375e-09	1.16189225073431	0.111	0.059	5.1184561925844e-05	ABCD1	c13
1.92996831862115e-09	1.36359658413476	0.062	0.026	6.4727277469916e-05	AC020659.1	c13
2.19576837168833e-09	1.18212130661701	0.11	0.058	7.36416796496833e-05	TNFRSF9	c13
2.68896278635517e-09	1.03715722357887	0.122	0.068	9.01824339287797e-05	MARCH3	c13
2.85320008413823e-09	1.32088466567702	0.048	0.018	9.56906244218278e-05	LATS2	c13
3.30370153100603e-09	0.121067427466024	1	0.994	0.00011079954194688	RPL5	c13
3.8714031585209e-09	0.742481121669347	0.159	0.095	0.000129839119130474	CD70	c13
4.11490010521062e-09	0.311297214613176	0.657	0.554	0.000138005519728554	AHNAK	c13
4.29666078194002e-09	0.160902878871994	0.985	0.974	0.000144101409304704	CALM1	c13
6.23159718167439e-09	0.537892732950834	0.405	0.318	0.000208995306278996	TRAF1	c13
6.80995932223547e-09	0.904494168355857	0.165	0.101	0.000228392415749133	ITPRIP	c13
6.94254080246442e-09	0.561917611066918	0.305	0.221	0.000232838933433052	SKIL	c13
7.0141670864834e-09	2.76145173402583	0.014	0.003	0.00023524113574648	AGAP1	c13
7.91603794021791e-09	0.926533670315993	0.193	0.126	0.000265488080439028	QSOX1	c13
8.36377722359936e-09	0.87467388554153	0.176	0.109	0.000280504360525075	EGR2	c13
9.03648438345647e-09	1.07686850811282	0.093	0.047	0.000303065613252363	PIGV	c13
9.20497291862259e-09	1.72456982928915	0.038	0.013	0.000308716381744764	METTL24	c13
9.36491545188359e-09	0.341425075109305	0.615	0.522	0.000314080534425272	REL	c13
9.4792256181532e-09	2.09809499892689	0.027	0.008	0.000317914268781622	AC234582.1	c13
1.13383212463942e-08	0.287634720325197	0.695	0.612	0.000380264617961568	DHRS7	c13
1.16879495125104e-08	0.938906399137572	0.086	0.042	0.000391990450750573	BEX5	c13
1.24362653108641e-08	0.56130293336098	0.343	0.259	0.000417087465995762	PERP	c13
1.32831954313479e-08	0.377428668784733	0.421	0.318	0.000445491808376545	DYNLT3	c13
1.32870989184091e-08	1.87408811084492	0.03	0.009	0.000445622723525604	MCAM	c13
1.35943681946932e-08	0.445994159638745	0.471	0.385	0.000455927920513621	LYSMD2	c13
1.54401339376188e-08	0.544910452590702	0.331	0.245	0.000517831211999861	ADAM10	c13
1.58681277706714e-08	0.343217021577014	0.868	0.863	0.000532185269172776	DNAJB1	c13
1.73100342649672e-08	1.49567141724572	0.049	0.02	0.00058054392917847	KANK3	c13
1.75845315208963e-08	0.665544726406613	0.283	0.205	0.000589750018147819	MLLT6	c13
1.80820443527446e-08	0.806867298151906	0.193	0.127	0.000606435603502348	MKNK1	c13
1.83115110009558e-08	0.943941157472398	0.058	0.024	0.000614131455950055	IFNG-AS1	c13
2.21822672560192e-08	1.67068523753146	0.044	0.017	0.000743948879232371	HTRA1	c13
2.484781997157e-08	0.272336977478549	0.765	0.701	0.000833346186206515	C9orf16	c13
2.90513031707828e-08	1.19617746370925	0.063	0.028	0.000974322605741712	CAMK2N1	c13
2.92200899805841e-08	0.932609288257245	0.118	0.067	0.000979983377768831	TSPAN32	c13
3.33006439054141e-08	0.827937642716772	0.121	0.068	0.00111683699529978	ITGA5	c13
3.42323683471921e-08	1.21573027721135	0.059	0.026	0.00114808516962813	IL26	c13
3.44330617248819e-08	0.98585032228412	0.36	0.282	0.00115481602412909	EGR1	c13
4.34942224959982e-08	2.1432529456662	0.017	0.004	0.00145870923407079	NCR3LG1	c13
4.5231136546926e-08	0.75071148274507	0.15	0.091	0.0015169618575108	DSE	c13
4.62735427701061e-08	1.22175463366468	0.101	0.055	0.00155192207742382	IL23A	c13
5.07338822061985e-08	0.798458128648448	0.17	0.109	0.00170151294143148	P2RY11	c13
5.08286449321468e-08	0.432459073213268	0.304	0.219	0.00170469109373434	SORL1	c13
5.14133940393132e-08	0.513702272147225	0.439	0.363	0.00172430240929049	ODF2L	c13
5.47483598040513e-08	0.216020853911874	0.918	0.876	0.00183615049110827	LCP1	c13
5.75534600806799e-08	2.10473957973508	0.03	0.01	0.00193022794418584	NTRK1	c13
5.95395365142478e-08	1.55970197755399	0.041	0.015	0.00199683697561484	FGFR1	c13
6.14065347272984e-08	0.863064449547214	0.179	0.116	0.00205945236168413	SREBF2	c13
6.48087072979389e-08	0.414196356710982	0.262	0.178	0.00217355442535828	CD160	c13
6.54302439732685e-08	0.69846525384893	0.169	0.107	0.00219439952237548	THRA	c13
7.11239490450852e-08	0.36778461667536	0.421	0.332	0.00238535500307407	RELB	c13
9.73119027812329e-08	3.00418206000019	0.02	0.005	0.00326364659547699	NXPH4	c13
1.15447647918059e-07	0.544183544372757	0.257	0.183	0.00387188321587586	FAM3C	c13
1.27575877930233e-07	1.22434295509972	0.065	0.031	0.00427863979402417	C1orf61	c13
1.27614959447692e-07	0.269004482284177	0.775	0.687	0.0042799505099567	IL2RG	c13
1.44242523293985e-07	0.395660161857909	0.558	0.481	0.00483760574623366	TGFB1	c13
1.5648981337169e-07	1.12147310337246	0.072	0.035	0.00524835536085974	LINC02328	c13
1.68421848600532e-07	0.938340576827994	0.084	0.044	0.00564853195836465	SETD7	c13
1.70569128473105e-07	0.333518634469157	0.589	0.511	0.005720547430731	SPSB3	c13
1.73966052058409e-07	0.697352208382852	0.243	0.175	0.00583447345393493	PDK3	c13
1.80038288095665e-07	0.586642288467062	0.26	0.189	0.00603812410615242	CD81	c13
1.85976625039172e-07	1.34050259914568	0.09	0.049	0.00623728405056375	NUDT7	c13
1.87337507811348e-07	0.478287676827212	0.385	0.307	0.00628292533697698	IMPDH2	c13
1.8756031034228e-07	0.597657097417222	0.307	0.23	0.00629039768825938	TPD52	c13
1.90178972638505e-07	2.18426832926563	0.015	0.004	0.00637822238435018	PRSS22	c13
2.10291859747055e-07	0.726184672723445	0.122	0.072	0.00705276839219674	AC012645.3	c13
2.15039621329361e-07	0.593727223300629	0.3	0.224	0.00721199882014411	NEK7	c13
2.22237336454344e-07	1.30415627828125	0.041	0.016	0.0074533957900058	PTCH1	c13
2.33638240834396e-07	1.49385415470441	0.06	0.029	0.00783575932110398	UBXN10-AS1	c13
2.51458801257299e-07	0.72833573002763	0.19	0.128	0.00843342527656731	TTC5	c13
2.6410485211387e-07	0.433159831529353	0.383	0.295	0.00885754853019496	BCL2	c13
2.68204042290812e-07	0.64528991319105	0.214	0.148	0.00899502717034927	LMNA	c13
2.94171965535866e-07	1.16171028989509	0.06	0.028	0.00986593938014188	B3GALT2	c13
3.02792433466031e-07	1.15668558608941	0.059	0.028	0.0101550526335838	AC108134.3	c13
3.13304071258174e-07	0.393565192004487	0.366	0.282	0.0105075919418566	LINC00861	c13
3.25092074837807e-07	0.705341480949453	0.218	0.153	0.0109029380059104	CYB5A	c13
3.5881023583272e-07	0.908764809469084	0.186	0.125	0.0120337776893578	MIR155HG	c13
3.73310643618387e-07	1.66687219219627	0.03	0.01	0.0125200923656735	TRIM17	c13
3.7705746065769e-07	0.701668824162806	0.16	0.103	0.0126457531155376	CHD7	c13
3.85441687604349e-07	0.536023984849646	0.309	0.235	0.0129269433188747	SACM1L	c13
4.00341571363299e-07	0.387595576789201	0.577	0.507	0.0134266556203823	PIM1	c13
4.70691298332136e-07	0.516740852269812	0.343	0.269	0.0157860447634632	IL12RB1	c13
5.11832692597346e-07	0.449385882840569	0.281	0.207	0.0171658448443298	KDM6B	c13
5.38816417701149e-07	1.99942655205353	0.041	0.017	0.0180708250168612	SCD	c13
5.89006042846066e-07	0.979149374355991	0.238	0.173	0.0197540846649714	ATF3	c13
6.21731744574084e-07	0.395451166647116	0.16	0.101	0.0208516392495256	TRBV20-1	c13
6.33485441862668e-07	2.17679397572659	0.017	0.004	0.0212458347491902	SLC22A15	c13
6.3729070885287e-07	0.396195860914559	0.498	0.423	0.0213734557935075	KIF2A	c13
7.22934215567499e-07	0.534908531091661	0.373	0.304	0.0242457677217028	CLINT1	c13
7.24888300719194e-07	2.123167804329	0.028	0.01	0.0243113038295203	TIAM2	c13
7.42868548091013e-07	1.07530205279516	0.079	0.042	0.0249143253658764	SYNGR3	c13
8.30734686955324e-07	1.81634096139767	0.017	0.004	0.0278611799311077	AL136038.5	c13
8.54196929078934e-07	0.906614168113295	0.077	0.04	0.0286480566074493	PDE8A	c13
9.75938985482405e-07	1.17264861873747	0.072	0.037	0.0327310416951089	USP45	c13
1.01170143195207e-06	1.74849755856642	0.028	0.01	0.0339304426248085	RIMS3	c13
1.24691391147e-06	0.300988400103777	0.612	0.552	0.0418189987628807	DDX3X	c13
1.38423136746093e-06	0.846175470772498	0.075	0.039	0.0464243516019046	AC243829.4	c13
