Term	Overlap	P.value	Adjusted.P.value	Odds.Ratio	Combined.Score	Genes	Rank	Database
Intestinal immune network for IgA production	21/48	3.23183067225357e-18	7.82103022685363e-16	21.4228262597361	862.771827589944	HLA-DRB5;TNFSF13;IL6;HLA-DQB1;HLA-DRA;HLA-DPB1;HLA-DRB1;CD86;CD40;TNFRSF13C;TNFRSF13B;HLA-DMB;CXCR4;HLA-DPA1;TNFRSF17;HLA-DOB;HLA-DMA;HLA-DQA2;HLA-DOA;HLA-DQA1;ICOSLG	1	KEGG_2021_Human
Hematopoietic cell lineage	26/99	8.08711417595251e-16	9.78540815290254e-14	9.85713157790849	342.54606202646	HLA-DOB;HLA-DOA;HLA-DRB5;HLA-DRB1;CD1D;CD1C;CD1A;CD19;IL6;HLA-DQB1;HLA-DRA;CD24;FCER2;MS4A1;CD22;CD37;HLA-DQA2;HLA-DQA1;CR1;CR2;MME;HLA-DPB1;HLA-DMB;HLA-DPA1;HLA-DMA;CD55	2	KEGG_2021_Human
Ribosome	27/158	1.51526415720821e-11	9.485418856253e-10	5.69515217606821	141.882450464277	RPS8;RPS9;RPS6;RPS7;RPSA;FAU;RPL26;RPL22L1;RPL29;RPL11;RPL13;RPL12;RPL15;RPS5;RPL19;RPL18;RPS23;RPL5;RPL3;RPL8;RPS18;RPS10;RPS11;RPS3A;RPL23A;RPL10A;RPL18A	3	KEGG_2021_Human
Asthma	13/31	1.73747735169702e-11	9.485418856253e-10	19.6767248153387	487.510568647153	HLA-DRB5;HLA-DQB1;HLA-DRA;HLA-DPB1;HLA-DRB1;CD40;HLA-DMB;HLA-DPA1;HLA-DOB;HLA-DMA;HLA-DQA2;HLA-DOA;HLA-DQA1	4	KEGG_2021_Human
Leishmaniasis	19/77	2.10052511218798e-11	9.485418856253e-10	8.98268483447292	220.850522939194	TGFB2;HLA-DQB1;HLA-DRA;NCF1;HLA-DOB;HLA-DQA2;HLA-DOA;HLA-DQA1;CR1;MARCKSL1;HLA-DRB5;IFNGR2;CYBB;HLA-DPB1;HLA-DRB1;NCF4;HLA-DMB;HLA-DPA1;HLA-DMA	5	KEGG_2021_Human
Allograft rejection	14/38	2.35175674121975e-11	9.485418856253e-10	15.9102927289896	389.376944221974	HLA-DRB5;HLA-DQB1;HLA-DRA;HLA-DPB1;HLA-DRB1;CD86;CD40;HLA-DMB;HLA-DPA1;HLA-DOB;HLA-DMA;HLA-DQA2;HLA-DOA;HLA-DQA1	6	KEGG_2021_Human
Coronavirus disease	32/232	7.16966913302875e-11	2.47865704313280e-09	4.43720930232558	103.646893003256	RPL26;RPL22L1;RPL29;RPL11;RPL13;RPL12;RPL15;RPL19;RPL18;RPS23;RPL5;RPL3;RPL8;RPS18;RPS10;PLCG2;RPS11;TLR7;SYK;RPL18A;RPS8;RPS9;RPS6;RPS7;RPSA;FAU;RPS5;CYBB;RPS3A;IL6;RPL23A;RPL10A	7	KEGG_2021_Human
Graft-versus-host disease	14/42	1.12472420017727e-10	3.40229070553625e-09	13.6345609065156	312.344789951209	HLA-DRB5;IL6;HLA-DQB1;HLA-DRA;HLA-DPB1;HLA-DRB1;CD86;HLA-DMB;HLA-DPA1;HLA-DOB;HLA-DMA;HLA-DQA2;HLA-DOA;HLA-DQA1	8	KEGG_2021_Human
Viral myocarditis	16/60	2.30292723757989e-10	6.19231546104816e-09	9.93595041322314	220.495331755001	HLA-DQB1;HLA-DRA;CD86;CD40;HLA-DOB;HLA-DQA2;HLA-DOA;HLA-DQA1;HLA-DRB5;HLA-DPB1;HLA-DRB1;HLA-DMB;SGCA;HLA-DPA1;HLA-DMA;CD55	9	KEGG_2021_Human
B cell receptor signaling pathway	18/81	4.55867137677733e-10	1.10319847318011e-08	7.82132682132682	168.227508521148	LYN;CD72;VAV2;FCGR2B;CD22;BLNK;CR2;SYK;BTK;GRB2;PIK3AP1;RASGRP3;LILRA4;DAPP1;CD79B;CD79A;CD19;PLCG2	10	KEGG_2021_Human
Inflammatory bowel disease	16/65	8.43323453288794e-10	1.85531159723535e-08	8.91975881261595	186.366501912891	TGFB2;IL6;HLA-DQB1;HLA-DRA;HLA-DOB;HLA-DQA2;HLA-DOA;HLA-DQA1;SMAD3;HLA-DRB5;IFNGR2;HLA-DPB1;HLA-DRB1;HLA-DMB;HLA-DPA1;HLA-DMA	11	KEGG_2021_Human
Type I diabetes mellitus	13/43	2.06650904052926e-09	4.16745989840067e-08	11.7986798679868	235.942981050107	HLA-DRB5;HLA-DQB1;HLA-DRA;HLA-DPB1;HLA-DRB1;CD86;HLA-DMB;HLA-DPA1;HLA-DOB;HLA-DMA;HLA-DQA2;HLA-DOA;HLA-DQA1	12	KEGG_2021_Human
Autoimmune thyroid disease	14/53	3.54250244192462e-09	6.5945045457366e-08	9.78332243771337	190.368118840138	HLA-DQB1;HLA-DRA;CD86;CD40;HLA-DOB;HLA-DQA2;HLA-DOA;HLA-DQA1;HLA-DRB5;HLA-DPB1;HLA-DRB1;HLA-DMB;HLA-DPA1;HLA-DMA	13	KEGG_2021_Human
Tuberculosis	25/180	7.48958608715516e-09	1.29462845220825e-07	4.43838477605013	83.0410797853322	CD74;TGFB2;HLA-DOB;HLA-DOA;HLA-DRB5;HLA-DRB1;TLR1;FCGR2B;IL6;HLA-DQB1;HLA-DRA;TLR9;TLR6;CIITA;HLA-DQA2;CAMP;HLA-DQA1;CR1;IFNGR2;SYK;HLA-DPB1;HLA-DMB;HLA-DPA1;ITGAX;HLA-DMA	14	KEGG_2021_Human
Rheumatoid arthritis	17/93	3.17564947831607e-08	5.12338115834993e-07	6.11042898854533	105.497586537084	TGFB2;IL6;HLA-DQB1;HLA-DRA;CD86;HLA-DOB;HLA-DQA2;HLA-DOA;HLA-DQA1;HLA-DRB5;TNFSF13;LTB;HLA-DPB1;HLA-DRB1;HLA-DMB;HLA-DPA1;HLA-DMA	15	KEGG_2021_Human
Toxoplasmosis	18/112	9.96498909541508e-08	1.44339051470765e-06	5.23349699945445	84.3723603228283	TGFB2;ALOX5;HLA-DOB;HLA-DOA;HLA-DRB5;HLA-DRB1;HLA-DQB1;HLA-DRA;CD40;LAMC3;CIITA;HLA-DQA2;HLA-DQA1;IFNGR2;HLA-DPB1;HLA-DMB;HLA-DPA1;HLA-DMA	16	KEGG_2021_Human
Antigen processing and presentation	15/78	1.01395201446405e-07	1.44339051470765e-06	6.49003714961162	104.517116320063	CD74;HLA-DQB1;HLA-DRA;HLA-DOB;CIITA;HLA-DQA2;HLA-DOA;HLA-DQA1;HLA-DRB5;HLA-DPB1;HLA-DRB1;IFI30;HLA-DMB;HLA-DPA1;HLA-DMA	17	KEGG_2021_Human
Cell adhesion molecules	19/148	1.59439240939643e-06	2.14357201707743e-05	4.02380873392385	53.7138945290284	CD86;HLA-DOB;HLA-DOA;HLA-DRB5;SELL;ESAM;HLA-DRB1;HLA-DQB1;HLA-DRA;CD22;CNTNAP2;CD40;HLA-DQA2;HLA-DQA1;HLA-DPB1;HLA-DMB;HLA-DPA1;HLA-DMA;ICOSLG	18	KEGG_2021_Human
Epstein-Barr virus infection	22/202	4.02674655239452e-06	5.12880350357618e-05	3.34447628143903	41.5469299007222	HLA-DRB5;BTK;HLA-DRB1;CD19;PLCG2;LYN;HLA-DQB1;FCER2;CD40;HLA-DQA2;HLA-DQA1;SYK;HLA-DPB1;HLA-DMB;HLA-DPA1;HLA-DMA;HLA-DOB;HLA-DOA;IL6;HLA-DRA;BLNK;CR2	19	KEGG_2021_Human
Th17 cell differentiation	15/107	6.65598069222941e-06	8.05373663759758e-05	4.43755781683626	52.8956659028355	HLA-DOB;HLA-DOA;SMAD3;HLA-DRB5;HLA-DRB1;IL6;HLA-DQB1;HLA-DRA;HLA-DQA2;HLA-DQA1;IFNGR2;HLA-DPB1;HLA-DMB;HLA-DPA1;HLA-DMA	20	KEGG_2021_Human
Staphylococcus aureus infection	14/95	7.44724832305533e-06	8.58206711513996e-05	4.70020634421012	55.4984663916315	FCGR2B;HLA-DQB1;HLA-DRA;HLA-DOB;HLA-DQA2;CAMP;HLA-DOA;HLA-DQA1;HLA-DRB5;HLA-DPB1;HLA-DRB1;HLA-DMB;HLA-DPA1;HLA-DMA	21	KEGG_2021_Human
Phagosome	18/152	9.42594348651783e-06	0.000103685378351696	3.66360505166475	42.3954015124906	NCF1;STX7;HLA-DOB;HLA-DOA;HLA-DRB5;CYBB;HLA-DRB1;NCF4;FCGR2B;HLA-DQB1;HLA-DRA;TLR6;HLA-DQA2;HLA-DQA1;HLA-DPB1;HLA-DMB;HLA-DPA1;HLA-DMA	22	KEGG_2021_Human
Th1 and Th2 cell differentiation	13/92	2.48898820141355e-05	0.000261884845540034	4.46910640431132	47.3772167911943	HLA-DQB1;HLA-DRA;HLA-DOB;HLA-DQA2;HLA-DOA;HLA-DQA1;HLA-DRB5;IFNGR2;HLA-DPB1;HLA-DRB1;HLA-DMB;HLA-DPA1;HLA-DMA	23	KEGG_2021_Human
Primary immunodeficiency	8/38	5.08949080288547e-05	0.000513190322624285	7.20973782771536	71.2736489903197	BTK;CD40;TNFRSF13C;TNFRSF13B;CD79A;CD19;BLNK;CIITA	24	KEGG_2021_Human
Human T-cell leukemia virus 1 infection	20/219	0.000135134468512578	0.00130810165520176	2.73955491744436	24.4073528340567	HLA-DRB5;HLA-DRB1;SPI1;KAT2A;HLA-DQB1;CD40;HLA-DQA2;HLA-DQA1;HLA-DPB1;TNFRSF13C;HLA-DMB;HLA-DPA1;HLA-DMA;MAP3K1;TGFB2;HLA-DOB;HLA-DOA;SMAD3;IL6;HLA-DRA	25	KEGG_2021_Human
Systemic lupus erythematosus	14/135	0.000370501215128985	0.00344851131004671	3.13986374171798	24.8069765077759	CD86;HLA-DOB;HLA-DOA;HLA-DRB5;HLA-DRB1;HLA-DQB1;HLA-DRA;CD40;HLA-DQA2;HLA-DQA1;HLA-DPB1;HLA-DMB;HLA-DPA1;HLA-DMA	26	KEGG_2021_Human
Influenza A	16/172	0.000500270059684874	0.00448390201643479	2.78613053613054	21.1756020078619	HLA-DOB;HLA-DOA;HLA-DRB5;HLA-DRB1;IL6;HLA-DQB1;HLA-DRA;TLR7;CIITA;HLA-DQA2;HLA-DQA1;IFNGR2;HLA-DPB1;HLA-DMB;HLA-DPA1;HLA-DMA	27	KEGG_2021_Human
Osteoclast differentiation	12/127	0.00212738461256079	0.0183866812942754	2.82461311717023	17.3794545301669	TGFB2;NCF1;BTK;GRB2;SPI1;NCF4;PLCG2;FCGR2B;BLNK;IFNGR2;SYK;LILRA4	28	KEGG_2021_Human
Fc gamma R-mediated phagocytosis	10/97	0.0025769606128595	0.0215042920107586	3.10717176622956	18.5223002935148	MARCKS;NCF1;PLPP3;PLCG2;LYN;VAV2;FCGR2B;MARCKSL1;SYK;HCK	29	KEGG_2021_Human
Chemokine signaling pathway	15/192	0.00412923095080223	0.03223464161594	2.29630965260248	12.6059686619344	NCF1;GNG7;PTK2;GNB4;GRB2;RASGRP2;GNG11;PLCG2;LYN;VAV2;GRK3;CCR7;HCK;CXCR5;CXCR4	30	KEGG_2021_Human
Transcriptional misregulation in cancer	15/192	0.00412923095080223	0.03223464161594	2.29630965260248	12.6059686619344	LMO2;CDK14;CD86;PTK2;SLC45A3;SPI1;JUP;PAX5;WNT16;IL6;REL;CD40;MEF2C;LYL1;HHEX	30	KEGG_2021_Human
Ether lipid metabolism	6/49	0.00798847588204528	0.0604128488579674	3.7594293531366	18.1571238078939	PLA2G2D;CHPT1;PLD4;UGT8;PLPP3;CEPT1	32	KEGG_2021_Human
Fc epsilon RI signaling pathway	7/68	0.0110179605526925	0.0804163091484779	3.09321040167383	13.9448994755284	LYN;VAV2;ALOX5;SYK;BTK;GRB2;PLCG2	33	KEGG_2021_Human
Amoebiasis	9/102	0.011298159136563	0.0804163091484779	2.61154212603784	11.7078449183417	TGFB2;PTK2;CD1D;CD1C;CD1A;IL6;LAMC3;COL4A3;COL4A4	34	KEGG_2021_Human
NF-kappa B signaling pathway	9/104	0.0127291210617048	0.0880127799123592	2.55629580279813	11.1553244496098	TICAM2;BTK;PLCG2;LYN;CD40;BLNK;SYK;LTB;TNFRSF13C	35	KEGG_2021_Human
Phosphonate and phosphinate metabolism	2/6	0.0176287764734649	0.118504552960514	13.4233983286908	54.2066716439038	CHPT1;CEPT1	36	KEGG_2021_Human
Serotonergic synapse	9/113	0.0208773453412991	0.136549123583632	2.33398247322298	9.03038979446606	APP;ALOX5;GNG7;GNB4;CACNA1A;GNG11;CYP2J2;ITPR1;HTR3A	37	KEGG_2021_Human
Malaria	5/50	0.0333171205898314	0.211462884287141	2.98912198912199	10.1680480925933	TGFB2;IL6;TLR9;CD40;CR1	38	KEGG_2021_Human
Toll-like receptor signaling pathway	8/104	0.0340787292859442	0.211462884287141	2.24531835205992	7.58711452218754	TICAM2;CD86;TLR1;IL6;TLR9;TLR7;TLR6;CD40	39	KEGG_2021_Human
Platelet activation	9/124	0.0352513966790239	0.213270949908095	2.1095211887727	7.05687602762302	BTK;RASGRP2;PLCG2;LYN;ITPR1;P2RY12;SYK;P2RX1;MYLK4	40	KEGG_2021_Human
Morphine addiction	7/91	0.0457799398819476	0.270213303693447	2.24357176250584	6.91897177347264	GABBR2;GRK3;GNG7;PDE4B;GNB4;CACNA1A;GNG11	41	KEGG_2021_Human
Lipid and atherosclerosis	13/215	0.0479000342059914	0.275995435186903	1.73662245998291	5.27696884016401	PTK2;LYN;VAV2;TLR6;CD40;TICAM2;NCF1;CYBB;NCF4;CYP2J2;POU2F2;IL6;ITPR1	42	KEGG_2021_Human
Leukocyte transendothelial migration	8/114	0.05365324822446	0.301955490007426	2.03243587025652	5.94530837202924	NCF1;CYBB;PTK2;ESAM;NCF4;PLCG2;VAV2;CXCR4	43	KEGG_2021_Human
Apelin signaling pathway	9/137	0.0595872894171246	0.327730091794185	1.89398734177215	5.3416371075706	RPS6;GNG7;SMAD3;GNB4;GNG11;ITPR1;MEF2C;KLF2;MYLK4	44	KEGG_2021_Human
AGE-RAGE signaling pathway in diabetic complications	7/100	0.0691449095419835	0.371845957981334	2.02550181724954	5.41123107785712	TGFB2;SMAD3;CYBB;PLCG2;IL6;COL4A3;COL4A4	45	KEGG_2021_Human
GnRH secretion	5/64	0.0802322868765842	0.422091596176812	2.27817944767097	5.74745778290587	GABBR2;ITPR1;GPER1;ESR2;KCNN4	46	KEGG_2021_Human
Sphingolipid metabolism	4/49	0.0991587290435882	0.502997309901141	2.38795779019243	5.51865018495855	DEGS2;UGT8;PLPP3;ENPP7	47	KEGG_2021_Human
Thiamine metabolism	2/15	0.0997680614679949	0.502997309901141	4.12834797514463	9.51545885747345	AK8;ALPL	48	KEGG_2021_Human
Base excision repair	3/33	0.114508628809338	0.565532411670608	2.68479776847978	5.81823893129795	MBD4;NEIL1;POLD4	49	KEGG_2021_Human
Glycerophospholipid metabolism	6/98	0.141966427370227	0.6871175084719	1.75264888564121	3.42145924451299	PLPP3;PLA2G2D;CHPT1;PLD4;PNPLA7;CEPT1	50	KEGG_2021_Human
Neutrophil extracellular trap formation	10/189	0.145310772623007	0.689513862250348	1.50295066488315	2.89901233605844	NCF1;CYBB;NCF4;PLCG2;TLR7;CAMP;CR1;SYK;CLCN4;HDAC9	51	KEGG_2021_Human
Kaposi sarcoma-associated herpesvirus infection	10/193	0.159467233687251	0.742135972159898	1.46979142615254	2.69841478542239	GNG7;GNG11;PLCG2;LYN;SYK;HCK;CD86;GNB4;IL6;ITPR1	52	KEGG_2021_Human
Protein digestion and absorption	6/103	0.167127041289851	0.763108377210262	1.66187299662133	2.97309250182793	COL9A3;KCNN4;MME;COL4A3;COL4A4;COL19A1	53	KEGG_2021_Human
Cytokine-cytokine receptor interaction	14/295	0.179478177538295	0.804328128967915	1.34074985129999	2.30300823456015	TNFSF13;CD40;CCR7;IFNGR2;TNFRSF13C;TNFRSF13B;CXCR5;CXCR4;TGFB2;IL13RA1;IL6;TNFRSF17;LTB;ACKR4	54	KEGG_2021_Human
Mannose type O-glycan biosynthesis	2/23	0.200061482098111	0.863936307921565	2.55458283591988	4.11065728170098	LARGE2;LARGE1	55	KEGG_2021_Human
Renin-angiotensin system	2/23	0.200061482098111	0.863936307921565	2.55458283591988	4.11065728170098	KLK1;MME	55	KEGG_2021_Human
Pathways in cancer	23/531	0.208368009849605	0.863936307921565	1.21938792801545	1.91254836708497	GNG7;SPI1;PLCG2;JUP;IFNGR2;COL4A3;COL4A4;NOTCH4;IL13RA1;PTK2;GRB2;GNG11;NCOA3;CXCR4;TGFB2;SMAD3;ESR2;GNB4;RASGRP3;RASGRP2;WNT16;IL6;LAMC3	57	KEGG_2021_Human
PI3K-Akt signaling pathway	16/354	0.208909277218831	0.863936307921565	1.27366863905325	1.99438066351281	COL9A3;GNG7;PTK2;GRB2;GNG11;TCL1A;CD19;SYK;COL4A3;COL4A4;RPS6;TNR;GNB4;IL6;LAMC3;PIK3AP1	58	KEGG_2021_Human
ECM-receptor interaction	5/88	0.210629099865175	0.863936307921565	1.61740668969585	2.51936406409907	COL9A3;LAMC3;TNR;COL4A3;COL4A4	59	KEGG_2021_Human
GABAergic synapse	5/89	0.217117976074417	0.875709170166815	1.5980685980686	2.44075318941732	GABBR2;GNG7;GNB4;CACNA1A;GNG11	60	KEGG_2021_Human
Glutamatergic synapse	6/114	0.228222390423961	0.905406860370469	1.49175225645814	2.20396659048914	GNG7;GNB4;CACNA1A;GNG11;ITPR1;GRK3	61	KEGG_2021_Human
Calcium signaling pathway	11/240	0.248457327229907	0.969785051445765	1.29071020750057	1.79729353148579	ORAI2;MST1R;PLCG2;CXCR4;CYSLTR1;CACNA1A;ITPR1;CAMK1D;P2RX5;P2RX1;MYLK4	62	KEGG_2021_Human
Herpes simplex virus 1 infection	21/498	0.258375357387523	0.992489468060009	1.18427043125399	1.60272276921921	HLA-DRB5;HLA-DRB1;HLA-DQB1;ZNF114;HLA-DQA2;HLA-DQA1;IFNGR2;HLA-DPB1;HLA-DMB;HLA-DPA1;HLA-DMA;HLA-DOB;HLA-DOA;HLA-DRA;ZNF860;ZNF737;TLR9;SYK;CD74;POU2F2;IL6	63	KEGG_2021_Human
Linoleic acid metabolism	2/29	0.280684564206504	0.999998537290033	1.9862787578665	2.52361441044424	PLA2G2D;CYP2J2	64	KEGG_2021_Human
Viral protein interaction with cytokine and cytokine receptor	5/100	0.291909812523904	0.999998537290033	1.41221935958778	1.73888036426345	IL6;CCR7;ACKR4;CXCR5;CXCR4	65	KEGG_2021_Human
Focal adhesion	9/201	0.299688950029306	0.999998537290033	1.2584388185654	1.51643158154628	COL9A3;PTK2;GRB2;VAV2;COL4A3;COL4A4;TNR;LAMC3;MYLK4	66	KEGG_2021_Human
Chagas disease	5/102	0.306005982898474	0.999998537290033	1.38295724893663	1.63762969104321	TGFB2;IL6;TLR9;TLR6;IFNGR2	67	KEGG_2021_Human
Sulfur metabolism	1/10	0.306999040841925	0.999998537290033	2.97805594189461	3.51681799503386	SELENBP1	68	KEGG_2021_Human
Relaxin signaling pathway	6/129	0.320460088930624	0.999998537290033	1.30880644940903	1.48941851700617	GNG7;GNB4;GRB2;GNG11;COL4A3;COL4A4	69	KEGG_2021_Human
FoxO signaling pathway	6/131	0.3332222195517	0.999998537290033	1.28773109243697	1.41514652822545	TGFB2;SMAD3;GRB2;IL6;CCNG2;KLF2	70	KEGG_2021_Human
Natural killer cell mediated cytotoxicity	6/131	0.3332222195517	0.999998537290033	1.28773109243697	1.41514652822545	GRB2;PLCG2;VAV2;NCR3;IFNGR2;SYK	70	KEGG_2021_Human
Legionellosis	3/57	0.337632135819437	0.999998537290033	1.48969471563614	1.61750803705735	IL6;EEF1G;CR1	72	KEGG_2021_Human
HIF-1 signaling pathway	5/109	0.355960604141063	0.999998537290033	1.28940290478752	1.33186966897186	RPS6;CYBB;PLCG2;IL6;IFNGR2	73	KEGG_2021_Human
Complement and coagulation cascades	4/85	0.366443269460092	0.999998537290033	1.32416028691634	1.32933981886482	CR1;CR2;ITGAX;CD55	74	KEGG_2021_Human
Long-term depression	3/60	0.367361375690386	0.999998537290033	1.41106951479116	1.41305805109437	LYN;ITPR1;CACNA1A	75	KEGG_2021_Human
Estrogen signaling pathway	6/137	0.371804238866426	0.999998537290033	1.22836615562255	1.21533049177971	ESR2;GRB2;NCOA3;GABBR2;ITPR1;GPER1	76	KEGG_2021_Human
Hippo signaling pathway	7/163	0.371981925533771	0.999998537290033	1.20354586974503	1.19019856189327	TGFB2;SMAD3;RASSF6;WNT16;SAV1;TEAD2;WTIP	77	KEGG_2021_Human
Taste transduction	4/86	0.374667479406393	0.999998537290033	1.30794386156152	1.28402989727405	GABBR2;SCN3A;HTR3A;CACNA1A	78	KEGG_2021_Human
Arachidonic acid metabolism	3/61	0.37722515132865	0.999998537290033	1.386668590391	1.3518813067659	PLA2G2D;ALOX5;CYP2J2	79	KEGG_2021_Human
Cholinergic synapse	5/113	0.384687172761516	0.999998537290033	1.24138824138824	1.1859289898927	GNG7;GNB4;CACNA1A;GNG11;ITPR1	80	KEGG_2021_Human
African trypanosomiasis	2/37	0.386696515644592	0.999998537290033	1.5316354954238	1.45522999795519	IL6;TLR9	81	KEGG_2021_Human
Hypertrophic cardiomyopathy	4/90	0.40743940615507	0.999998537290033	1.24684942185267	1.11950002967009	MYBPC3;TGFB2;IL6;SGCA	82	KEGG_2021_Human
Small cell lung cancer	4/92	0.423704963433882	0.999998537290033	1.21838496698832	1.04624898867219	LAMC3;PTK2;COL4A3;COL4A4	83	KEGG_2021_Human
Growth hormone synthesis, secretion and action	5/119	0.427609392384039	0.999998537290033	1.17568396515765	0.998796592569875	MAP3K1;PTK2;GRB2;PLCG2;ITPR1	84	KEGG_2021_Human
Neurotrophin signaling pathway	5/119	0.427609392384039	0.999998537290033	1.17568396515765	0.998796592569875	MAP3K1;SH2B2;GRB2;PLCG2;RPS6KA6	84	KEGG_2021_Human
Acute myeloid leukemia	3/67	0.435552070928398	0.999998537290033	1.25627615062761	1.04414252061339	JUP;GRB2;SPI1	86	KEGG_2021_Human
TGF-beta signaling pathway	4/94	0.43985791277743	0.999998537290033	1.19118559900683	0.978324937024682	TGFB2;RGMB;E2F5;SMAD3	87	KEGG_2021_Human
Thyroid hormone signaling pathway	5/121	0.441800974630401	0.999998537290033	1.15529298287919	0.943753964635281	NOTCH4;PFKFB2;PLCG2;NCOA3;KAT2A	88	KEGG_2021_Human
Retrograde endocannabinoid signaling	6/148	0.442620215069107	0.999998537290033	1.13256006628003	0.923085356781623	GNG7;GNB4;CACNA1A;GNG11;ITPR1;CNR1	89	KEGG_2021_Human
Tryptophan metabolism	2/42	0.449478033462582	0.999998537290033	1.33983286908078	1.07142186612454	KMO;KYNU	90	KEGG_2021_Human
Ras signaling pathway	9/232	0.457609984358099	0.999998537290033	1.08173922915366	0.845636683360657	GNG7;GRB2;GNG11;PLCG2;REL;GNB4;RASGRP3;RASGRP2;PLA2G2D	91	KEGG_2021_Human
Proteoglycans in cancer	8/205	0.459005310430574	0.999998537290033	1.08840472252324	0.847533682170141	PTK2;GRB2;PLCG2;VAV2;TGFB2;RPS6;WNT16;ITPR1	92	KEGG_2021_Human
Fat digestion and absorption	2/43	0.46159928316037	0.999998537290033	1.30708607921734	1.01045350281019	PLA2G2D;PLPP3	93	KEGG_2021_Human
Circadian entrainment	4/97	0.463827776453333	0.999998537290033	1.15258004445245	0.88546036058325	GNG7;GNB4;GNG11;ITPR1	94	KEGG_2021_Human
Inflammatory mediator regulation of TRP channels	4/98	0.471738215137632	0.999998537290033	1.14025912278616	0.856712113876415	TRPV3;PLCG2;CYP2J2;ITPR1	95	KEGG_2021_Human
Axon guidance	7/182	0.483609861445316	0.999998537290033	1.07180925666199	0.778644525452964	PTK2;PLCG2;SEMA7A;ENAH;SEMA3D;ROBO1;CXCR4	96	KEGG_2021_Human
Glycosphingolipid biosynthesis	2/45	0.485363813622473	0.999998537290033	1.24616181900628	0.900796218364476	FUT7;A4GALT	97	KEGG_2021_Human
Lysosome	5/128	0.490702719586366	0.999998537290033	1.08914662573199	0.775381773598096	AP1B1;GGA2;CTSZ;CTSH;GM2A	98	KEGG_2021_Human
p53 signaling pathway	3/73	0.491722499167343	0.999998537290033	1.14823670053796	0.815065198040716	RRM2B;CCNG2;CD82	99	KEGG_2021_Human
Human immunodeficiency virus 1 infection	8/212	0.496754818575804	0.999998537290033	1.05067195417493	0.735111770846787	AP1B1;GNG7;PTK2;GNG11;PLCG2;CXCR4;GNB4;ITPR1	100	KEGG_2021_Human
Other types of O-glycan biosynthesis	2/47	0.508464592859405	0.999998537290033	1.19065304859177	0.805309734557901	ST6GAL1;GALNTL6	101	KEGG_2021_Human
Glioma	3/75	0.509831564689443	0.999998537290033	1.1162250116225	0.751972743087294	CAMK1D;GRB2;PLCG2	102	KEGG_2021_Human
Dopaminergic synapse	5/132	0.517943807181324	0.999998537290033	1.05462254281152	0.69382406696216	GNG7;GNB4;CACNA1A;GNG11;ITPR1	103	KEGG_2021_Human
C-type lectin receptor signaling pathway	4/104	0.518205527204914	0.999998537290033	1.07150837988827	0.704391762698027	PLCG2;IL6;ITPR1;SYK	104	KEGG_2021_Human
Chronic myeloid leukemia	3/76	0.518757948352089	0.999998537290033	1.10087694159454	0.722525226426089	TGFB2;SMAD3;GRB2	105	KEGG_2021_Human
Pertussis	3/76	0.518757948352089	0.999998537290033	1.10087694159454	0.722525226426089	TICAM2;IL6;IRF8	105	KEGG_2021_Human
Arrhythmogenic right ventricular cardiomyopathy	3/77	0.527595672159749	0.999998537290033	1.08594368427004	0.694379606615652	JUP;DSP;SGCA	107	KEGG_2021_Human
Hepatitis B	6/162	0.530034397253876	0.999998537290033	1.03016591251885	0.653963098770682	MAP3K1;TGFB2;TICAM2;SMAD3;GRB2;IL6	108	KEGG_2021_Human
Parathyroid hormone synthesis, secretion and action	4/106	0.53326710296347	0.999998537290033	1.05038887063205	0.66041398727135	MMP17;ITPR1;PDE4B;MEF2C	109	KEGG_2021_Human
Yersinia infection	5/137	0.551095888801275	0.999998537290033	1.01440983259165	0.60443250581923	SKAP2;PTK2;VAV2;IL6;RPS6KA6	110	KEGG_2021_Human
Ovarian steroidogenesis	2/51	0.552581608575523	0.999998537290033	1.09322949235404	0.648453608837058	ALOX5;CYP2J2	111	KEGG_2021_Human
Arginine biosynthesis	1/22	0.553822890428166	0.999998537290033	1.27551493476389	0.753714958311188	GPT2	112	KEGG_2021_Human
Human cytomegalovirus infection	8/225	0.564539166389623	0.999998537290033	0.987055351317765	0.56434447052338	GNG7;PTK2;GRB2;GNG11;CXCR4;GNB4;IL6;ITPR1	113	KEGG_2021_Human
Hepatocellular carcinoma	6/168	0.565759459612517	0.999998537290033	0.991700383857247	0.564858926691153	TGFB2;SMARCB1;SMAD3;GRB2;PLCG2;WNT16	114	KEGG_2021_Human
Mismatch repair	1/23	0.569902954443169	0.999998537290033	1.21747376406625	0.684572334222108	POLD4	115	KEGG_2021_Human
Ubiquitin mediated proteolysis	5/140	0.570447038982347	0.999998537290033	0.991711991711992	0.556682597933183	MAP3K1;RHOBTB2;UBE2QL1;UBE2E2;SYVN1	116	KEGG_2021_Human
Glycosaminoglycan biosynthesis	2/53	0.573567472328654	0.999998537290033	1.05024851166093	0.583811826788691	HS3ST1;CHST15	117	KEGG_2021_Human
ErbB signaling pathway	3/85	0.594874428568286	0.999998537290033	0.979589754056536	0.508803757560208	PTK2;GRB2;PLCG2	118	KEGG_2021_Human
alpha-Linolenic acid metabolism	1/25	0.600347652769548	0.999998537290033	1.11590171534539	0.569384799847676	PLA2G2D	119	KEGG_2021_Human
Colorectal cancer	3/86	0.602833715887391	0.999998537290033	0.96773705701467	0.489785158356652	TGFB2;SMAD3;GRB2	120	KEGG_2021_Human
Breast cancer	5/147	0.613844957274979	0.999998537290033	0.942480055156111	0.459942420482189	ESR2;GRB2;NOTCH4;NCOA3;WNT16	121	KEGG_2021_Human
Folate biosynthesis	1/26	0.61475314413405	0.999998537290033	1.07121001390821	0.52118061073698	ALPL	122	KEGG_2021_Human
Maturity onset diabetes of the young	1/26	0.61475314413405	0.999998537290033	1.07121001390821	0.52118061073698	HHEX	122	KEGG_2021_Human
Gastric cancer	5/149	0.625763401477243	0.999998537290033	0.929292929292929	0.435636664300116	TGFB2;SMAD3;GRB2;JUP;WNT16	124	KEGG_2021_Human
PD-L1 expression and PD-1 checkpoint pathway in cancer	3/89	0.626085240673146	0.999998537290033	0.933832830592585	0.437284732236813	TICAM2;TLR9;IFNGR2	125	KEGG_2021_Human
Notch signaling pathway	2/59	0.632162995958836	0.999998537290033	0.939402824610272	0.430817662884616	KAT2A;NOTCH4	126	KEGG_2021_Human
VEGF signaling pathway	2/59	0.632162995958836	0.999998537290033	0.939402824610272	0.430817662884616	PTK2;PLCG2	126	KEGG_2021_Human
Phototransduction	1/28	0.642027113433975	0.999998537290033	0.991758100242106	0.439472553705236	GUCA1B	128	KEGG_2021_Human
GnRH signaling pathway	3/93	0.655604019826252	0.999998537290033	0.892143189214319	0.376661338385827	MAP3K1;ITPR1;GRB2	129	KEGG_2021_Human
Salivary secretion	3/93	0.655604019826252	0.999998537290033	0.892143189214319	0.376661338385827	ITPR1;CAMP;KCNN4	129	KEGG_2021_Human
Alcoholism	6/186	0.664205961445151	0.999998537290033	0.891690009337068	0.364846554567234	GNG7;GNB4;GRB2;GNG11;SLC29A2;HDAC9	131	KEGG_2021_Human
Cellular senescence	5/156	0.665690645396464	0.999998537290033	0.885888945491594	0.360494977066485	TGFB2;E2F5;SMAD3;IL6;ITPR1	132	KEGG_2021_Human
Cytosolic DNA-sensing pathway	2/63	0.667614220394691	0.999998537290033	0.877619982647609	0.354597778648945	IL6;AIM2	133	KEGG_2021_Human
Dilated cardiomyopathy	3/96	0.676620158034083	0.999998537290033	0.863229405677779	0.337216449677058	MYBPC3;TGFB2;SGCA	134	KEGG_2021_Human
Circadian rhythm	1/31	0.679365256052789	0.999998537290033	0.892443208159481	0.345015299106521	BHLHE41	135	KEGG_2021_Human
Purine metabolism	4/129	0.68710178512981	0.999998537290033	0.85608938547486	0.321267094025978	AK8;RRM2B;GUCY2C;PDE4B	136	KEGG_2021_Human
Choline metabolism in cancer	3/98	0.690095820753181	0.999998537290033	0.844968068707333	0.313419629108457	GRB2;PLPP3;CHPT1	137	KEGG_2021_Human
Long-term potentiation	2/67	0.700253456974045	0.999998537290033	0.823441182772659	0.293402738937762	ITPR1;RPS6KA6	138	KEGG_2021_Human
Fructose and mannose metabolism	1/33	0.702070520282136	0.999998537290033	0.836578581363004	0.295915766886305	PFKFB2	139	KEGG_2021_Human
SNARE interactions in vesicular transport	1/33	0.702070520282136	0.999998537290033	0.836578581363004	0.295915766886305	STX7	139	KEGG_2021_Human
Renal cell carcinoma	2/69	0.715550816440073	0.999998537290033	0.798777699247495	0.267353020870028	TGFB2;GRB2	141	KEGG_2021_Human
Epithelial cell signaling in Helicobacter pylori infection	2/70	0.722950570524039	0.999998537290033	0.786990004915615	0.255310910985666	LYN;PLCG2	142	KEGG_2021_Human
Prolactin signaling pathway	2/70	0.722950570524039	0.999998537290033	0.786990004915615	0.255310910985666	ESR2;GRB2	142	KEGG_2021_Human
Tight junction	5/169	0.732141790934756	0.999998537290033	0.815111717550742	0.254136411876312	MAP3K1;CD1D;CD1C;CD1A;SYNPO	144	KEGG_2021_Human
DNA replication	1/36	0.733153370201566	0.999998537290033	0.764752632624677	0.237379494535587	POLD4	145	KEGG_2021_Human
Mucin type O-glycan biosynthesis	1/36	0.733153370201566	0.999998537290033	0.764752632624677	0.237379494535587	GALNTL6	145	KEGG_2021_Human
Non-small cell lung cancer	2/72	0.737262605879669	0.999998537290033	0.764424990051731	0.233005247248978	GRB2;PLCG2	147	KEGG_2021_Human
Protein processing in endoplasmic reticulum	5/171	0.741461398911368	0.999998537290033	0.80520684135142	0.240863275283512	DNAJC10;DNAJC5B;SYVN1;DERL3;HERPUD1	148	KEGG_2021_Human
Fluid shear stress and atherosclerosis	4/139	0.741649252109278	0.999998537290033	0.792261535278295	0.236790219437275	NCF1;PTK2;MEF2C;KLF2	149	KEGG_2021_Human
Measles	4/139	0.741649252109278	0.999998537290033	0.792261535278295	0.236790219437275	FCGR2B;IL6;TLR9;TLR7	149	KEGG_2021_Human
Alanine, aspartate and glutamate metabolism	1/37	0.742777171717037	0.999998537290033	0.743470870035543	0.221077890290503	GPT2	151	KEGG_2021_Human
Viral carcinogenesis	6/203	0.743176295638383	0.999998537290033	0.814016977349315	0.241618136658756	GRB2;LYN;KAT2A;REL;SYK;HDAC9	152	KEGG_2021_Human
Signaling pathways regulating pluripotency of stem cells	4/143	0.761340652867733	0.999998537290033	0.769301876934207	0.209768914496138	SMAD3;GRB2;WNT16;SKIL	153	KEGG_2021_Human
Gastric acid secretion	2/76	0.763998629610885	0.999998537290033	0.722954151923511	0.194611510174284	ITPR1;MYLK4	154	KEGG_2021_Human
Pancreatic cancer	2/76	0.763998629610885	0.999998537290033	0.722954151923511	0.194611510174284	TGFB2;SMAD3	154	KEGG_2021_Human
Glycine, serine and threonine metabolism	1/40	0.769618295943942	0.999998537290033	0.686173816910952	0.179681891927478	GATM	156	KEGG_2021_Human
Nicotine addiction	1/40	0.769618295943942	0.999998537290033	0.686173816910952	0.179681891927478	CACNA1A	156	KEGG_2021_Human
Synaptic vesicle cycle	2/78	0.776459555273864	0.999998537290033	0.703855739627621	0.178083050050797	SYT1;CACNA1A	158	KEGG_2021_Human
Ferroptosis	1/41	0.7779286580141	0.999998537290033	0.668984700973574	0.167995744650013	CYBB	159	KEGG_2021_Human
Homologous recombination	1/41	0.7779286580141	0.999998537290033	0.668984700973574	0.167995744650013	POLD4	159	KEGG_2021_Human
Phospholipase D signaling pathway	4/148	0.784291934763753	0.999998537290033	0.742396027312228	0.180382904257223	GRB2;PLPP3;PLCG2;SYK	161	KEGG_2021_Human
NOD-like receptor signaling pathway	5/181	0.784486469545913	0.999998537290033	0.759059122695486	0.184243349843287	CYBB;IL6;ITPR1;CAMP;AIM2	162	KEGG_2021_Human
Regulation of actin cytoskeleton	6/218	0.800984629959155	0.999998537290033	0.755826859045505	0.16772819930262	PTK2;VAV2;ENAH;CXCR4;MYLK4;ITGAX	163	KEGG_2021_Human
Endocytosis	7/252	0.806411204212585	0.999998537290033	0.762772991384492	0.164119371564557	SNX2;SNX3;CXCR4;RAB31;CHMP4C;SMAD3;GRK3	164	KEGG_2021_Human
ABC transporters	1/45	0.808282173654851	0.999998537290033	0.608041471741054	0.12941801342973	ABCB4	165	KEGG_2021_Human
Basal transcription factors	1/45	0.808282173654851	0.999998537290033	0.608041471741054	0.12941801342973	GTF2IRD1	165	KEGG_2021_Human
Oxytocin signaling pathway	4/154	0.809476028217344	0.999998537290033	0.712476722532588	0.15059486494089	ITPR1;CAMK1D;MEF2C;MYLK4	167	KEGG_2021_Human
mTOR signaling pathway	4/154	0.809476028217344	0.999998537290033	0.712476722532588	0.15059486494089	RPS6;GRB2;WNT16;RPS6KA6	167	KEGG_2021_Human
Type II diabetes mellitus	1/46	0.815199579566578	0.999998537290033	0.594498531911606	0.121469315006147	CACNA1A	169	KEGG_2021_Human
Carbohydrate digestion and absorption	1/47	0.821867731451517	0.999998537290033	0.581544415553002	0.114084945327756	SLC2A5	170	KEGG_2021_Human
Nucleotide excision repair	1/47	0.821867731451517	0.999998537290033	0.581544415553002	0.114084945327756	POLD4	170	KEGG_2021_Human
Cell cycle	3/124	0.828351331385941	0.999998537290033	0.662505619143124	0.124761667812557	TGFB2;E2F5;SMAD3	172	KEGG_2021_Human
Necroptosis	4/159	0.828584965884225	0.999998537290033	0.689313389799964	0.129615659152737	TICAM2;CHMP4C;CYBB;IFNGR2	173	KEGG_2021_Human
Gap junction	2/88	0.830466506255885	0.999998537290033	0.621688151842975	0.115489565872475	ITPR1;GRB2	174	KEGG_2021_Human
MAPK signaling pathway	8/294	0.834711058936669	0.999998537290033	0.746208847332443	0.134817292183012	GRB2;MEF2C;MAP3K1;TGFB2;CACNA1A;RASGRP3;RASGRP2;RPS6KA6	175	KEGG_2021_Human
JAK-STAT signaling pathway	4/162	0.839267904103695	0.999998537290033	0.676119086344672	0.118473176429085	GRB2;IL13RA1;IL6;IFNGR2	176	KEGG_2021_Human
Arginine and proline metabolism	1/50	0.840464755872773	0.999998537290033	0.545854503136442	0.0948696542109758	GATM	177	KEGG_2021_Human
N-Glycan biosynthesis	1/50	0.840464755872773	0.999998537290033	0.545854503136442	0.0948696542109758	ST6GAL1	177	KEGG_2021_Human
Vibrio cholerae infection	1/50	0.840464755872773	0.999998537290033	0.545854503136442	0.0948696542109758	PLCG2	177	KEGG_2021_Human
Human papillomavirus infection	9/331	0.84638157003747	0.999998537290033	0.745262992373614	0.124298682702049	COL9A3;PTK2;GRB2;COL4A3;COL4A4;TNR;NOTCH4;WNT16;LAMC3	180	KEGG_2021_Human
Oocyte meiosis	3/129	0.847847939174206	0.999998537290033	0.636049677890682	0.104982528448107	STAG3;ITPR1;RPS6KA6	181	KEGG_2021_Human
cGMP-PKG signaling pathway	4/167	0.85583015764217	0.999998537290033	0.655207869212051	0.10200494717768	GTF2IRD1;ITPR1;MEF2C;MYLK4	182	KEGG_2021_Human
Endocrine and other factor-regulated calcium reabsorption	1/53	0.857122662541566	0.999998537290033	0.514282657537178	0.0792891381142209	KLK1	183	KEGG_2021_Human
Diabetic cardiomyopathy	5/203	0.859419550099716	0.999998537290033	0.673942219396765	0.10210093835589	TGFB2;NCF1;SMAD3;CYBB;NCF4	184	KEGG_2021_Human
Vascular smooth muscle contraction	3/133	0.862031584630266	0.999998537290033	0.616350177019633	0.091505423078278	PLA2G2D;ITPR1;MYLK4	185	KEGG_2021_Human
Phosphatidylinositol signaling system	2/97	0.86870380198226	0.999998537290033	0.56252748863803	0.0791774659739109	PLCG2;ITPR1	186	KEGG_2021_Human
Hedgehog signaling pathway	1/56	0.87204339219205	0.999998537290033	0.486155013276015	0.0665624457991925	GRK3	187	KEGG_2021_Human
Pyrimidine metabolism	1/56	0.87204339219205	0.999998537290033	0.486155013276015	0.0665624457991925	RRM2B	187	KEGG_2021_Human
Aldosterone synthesis and secretion	2/98	0.872424801591199	0.999998537290033	0.556638811513463	0.0759694058837475	ITPR1;CAMK1D	189	KEGG_2021_Human
MicroRNAs in cancer	8/310	0.873401046680742	0.999998537290033	0.706079321378079	0.0955752072872352	MARCKS;ST14;GRB2;SLC45A3;PLCG2;TGFB2;TNR;NOTCH4	190	KEGG_2021_Human
Insulin signaling pathway	3/137	0.875041199674729	0.999998537290033	0.597826765752826	0.0798004923638185	RPS6;SH2B2;GRB2	191	KEGG_2021_Human
Glutathione metabolism	1/57	0.876662764315081	0.999998537290033	0.477448837671369	0.0628479721632089	RRM2B	192	KEGG_2021_Human
Rap1 signaling pathway	5/210	0.878148900507489	0.999998537290033	0.650690772641992	0.0845501793426602	VAV2;ENAH;RASGRP3;RASGRP2;CNR1	193	KEGG_2021_Human
Endometrial cancer	1/58	0.881115595368239	0.999998537290033	0.4690481419125	0.0593657593180402	GRB2	194	KEGG_2021_Human
Pancreatic secretion	2/102	0.886357686006531	0.999998537290033	0.534261838440111	0.0644505171543916	PLA2G2D;ITPR1	195	KEGG_2021_Human
Apoptosis	3/142	0.889767208327457	0.999998537290033	0.576171698624364	0.0672942121604467	CTSZ;ITPR1;CTSH	196	KEGG_2021_Human
T cell receptor signaling pathway	2/104	0.892783074320788	0.999998537290033	0.523731498170299	0.0593972510122947	GRB2;VAV2	197	KEGG_2021_Human
Glycerolipid metabolism	1/61	0.89353373398311	0.999998537290033	0.445526193787668	0.0501534139078752	PLPP3	198	KEGG_2021_Human
Basal cell carcinoma	1/63	0.901084116689045	0.999998537290033	0.431109515904706	0.0449029300627943	WNT16	199	KEGG_2021_Human
Insulin resistance	2/108	0.904632904804761	0.999998537290033	0.503862931623482	0.0505001901800174	IL6;RPS6KA6	200	KEGG_2021_Human
Cortisol synthesis and secretion	1/65	0.908099731568827	0.999998537290033	0.41759388038943	0.0402564968460882	ITPR1	201	KEGG_2021_Human
Aminoacyl-tRNA biosynthesis	1/66	0.911418928622774	0.999998537290033	0.411147961912913	0.0381350554590159	QRSL1	202	KEGG_2021_Human
Mitophagy	1/68	0.917702474500429	0.999998537290033	0.398833371390613	0.0342526246500556	TFEB	203	KEGG_2021_Human
Retinol metabolism	1/68	0.917702474500429	0.999998537290033	0.398833371390613	0.0342526246500556	SDR16C5	203	KEGG_2021_Human
Renin secretion	1/69	0.920675293001316	0.999998537290033	0.392947721508631	0.0324762898714283	ITPR1	205	KEGG_2021_Human
RIG-I-like receptor signaling pathway	1/70	0.923540868689393	0.999998537290033	0.387232670173953	0.0308005741744375	MAP3K1	206	KEGG_2021_Human
Thermogenesis	5/232	0.923769382671683	0.999998537290033	0.586950494439481	0.0465409624550017	SMARCB1;GRB2;RPS6;RPS6KA6;CNR1	207	KEGG_2021_Human
Adherens junction	1/71	0.926303065104026	0.999998537290033	0.381680906020266	0.0292191289922113	SMAD3	208	KEGG_2021_Human
Inositol phosphate metabolism	1/73	0.931532084257954	0.999998537290033	0.371040024725699	0.0263158823631405	PLCG2	209	KEGG_2021_Human
Thyroid hormone synthesis	1/75	0.936390567399349	0.999998537290033	0.360974326203812	0.0237241772710077	ITPR1	210	KEGG_2021_Human
Bacterial invasion of epithelial cells	1/77	0.940904737334252	0.999998537290033	0.351438401288339	0.0214073009142992	PTK2	211	KEGG_2021_Human
Wnt signaling pathway	3/166	0.940925943618531	0.999998537290033	0.490720538029109	0.0298803868234629	SMAD3;WNT16;PRICKLE1	212	KEGG_2021_Human
RNA degradation	1/79	0.945098963483841	0.999998537290033	0.342391498163404	0.019333352920086	BTG1	213	KEGG_2021_Human
Insulin secretion	1/86	0.957572019767349	0.999998537290033	0.314080013090076	0.0136167330217216	KCNN4	214	KEGG_2021_Human
Cardiac muscle contraction	1/87	0.959106023270789	0.999998537290033	0.310411747582236	0.0129608247495188	SLC9A7	215	KEGG_2021_Human
Bile secretion	1/90	0.963383620588848	0.999998537290033	0.29990154865528	0.0111874033926083	ABCB4	216	KEGG_2021_Human
Spinocerebellar ataxia	2/143	0.96692083890505	0.999998537290033	0.378099132736719	0.0127187441793869	CACNA1A;ITPR1	217	KEGG_2021_Human
IL-17 signaling pathway	1/94	0.968400126264466	0.999998537290033	0.286942737075089	0.00921370934600925	IL6	218	KEGG_2021_Human
Prion disease	5/273	0.970302981943096	0.999998537290033	0.49608600354869	0.0149554569947243	NCF1;CYBB;NCF4;IL6;ITPR1	219	KEGG_2021_Human
Prostate cancer	1/97	0.971706660419973	0.999998537290033	0.277932313398238	0.00797702141936661	GRB2	220	KEGG_2021_Human
Chemical carcinogenesis	4/239	0.974554404339319	0.999998537290033	0.452751693807203	0.0116696448636163	GRB2;ESR2;CACNA1A;RPS6KA6	221	KEGG_2021_Human
Progesterone-mediated oocyte maturation	1/100	0.974667636789411	0.999998537290033	0.269467976004833	0.00691421181818319	RPS6KA6	222	KEGG_2021_Human
Melanogenesis	1/101	0.975584184604066	0.999998537290033	0.266759388038943	0.00659397828717929	WNT16	223	KEGG_2021_Human
Cushing syndrome	2/155	0.977251716571519	0.999998537290033	0.348225827006754	0.00801303069600402	WNT16;ITPR1	224	KEGG_2021_Human
Glucagon signaling pathway	1/107	0.980428361603181	0.999998537290033	0.251581074343297	0.00497267582548899	ITPR1	225	KEGG_2021_Human
Alzheimer disease	7/369	0.980609636569008	0.999998537290033	0.51306827427491	0.0100462988583528	APP;BACE2;MME;CYBB;WNT16;IL6;ITPR1	226	KEGG_2021_Human
Drug metabolism	1/108	0.981136730358306	0.999998537290033	0.249216851026218	0.00474594878579509	RRM2B	227	KEGG_2021_Human
TNF signaling pathway	1/112	0.983723241053761	0.999998537290033	0.24018594394116	0.00394161480638764	IL6	228	KEGG_2021_Human
Neuroactive ligand-receptor interaction	6/341	0.984934946255773	0.999998537290033	0.475228897529161	0.00721382468294611	GABBR2;CYSLTR1;P2RX5;P2RX1;CNR2;CNR1	229	KEGG_2021_Human
cAMP signaling pathway	3/216	0.985301968522325	0.999998537290033	0.374545740271475	0.00554594288434513	GABBR2;VAV2;PDE4B	230	KEGG_2021_Human
Sphingolipid signaling pathway	1/119	0.987426663797039	0.999998537290033	0.225855118926947	0.00285775599372365	DEGS2	231	KEGG_2021_Human
AMPK signaling pathway	1/120	0.987882013229469	0.999998537290033	0.223945489183156	0.00273034523456466	PFKFB2	232	KEGG_2021_Human
Autophagy	1/137	0.993529111978053	0.999998537290033	0.195778450462243	0.00127097705446249	ITPR1	233	KEGG_2021_Human
Shigellosis	3/246	0.993897507535948	0.999998537290033	0.327788969815934	0.00200645816185801	PTK2;PLCG2;ITPR1	234	KEGG_2021_Human
Salmonella infection	3/249	0.994419292081085	0.999998537290033	0.323740517739905	0.00181176144207592	TLR9;TLR6;IL6	235	KEGG_2021_Human
Non-alcoholic fatty liver disease	1/155	0.996671789323829	0.999998537290033	0.172732691508769	0.000575849594830863	IL6	236	KEGG_2021_Human
Hepatitis C	1/157	0.996908917000139	0.999998537290033	0.170500338789629	0.000527846928977409	GRB2	237	KEGG_2021_Human
Parkinson disease	2/249	0.998933908104843	0.999998537290033	0.21464256312519	0.000228950759874397	LRRK2;ITPR1	238	KEGG_2021_Human
Pathogenic Escherichia coli infection	1/197	0.999296255937858	0.999998537290033	0.135420510346002	9.53349296795015e-05	IL6	239	KEGG_2021_Human
Pathways of neurodegeneration	6/475	0.999522555092742	0.999998537290033	0.337048252136676	0.000160960399402849	LRRK2;ITPR1;APP;CYBB;WNT16;IL6	240	KEGG_2021_Human
Huntington disease	2/306	0.999845087919019	0.999998537290033	0.173874798416654	2.69373933706308e-05	TGM2;ITPR1	241	KEGG_2021_Human
Olfactory transduction	2/440	0.999998537290033	0.999998537290033	0.119828035766525	1.75273790473493e-07	GNG7;GRK3	242	KEGG_2021_Human
Allograft Rejection	28/200	7.85722651153755e-10	3.61432419530727e-08	4.49509342653583	94.2370141576811	SPI1;CD1D;CD79A;LYN;TLR1;TLR6;CD40;HLA-DQA1;TPD52;IFNGR2;HLA-DMB;HLA-DMA;ICOSLG;CD74;TGFB2;RPS9;CD86;HLA-DOB;HLA-DOA;LY86;NCF4;RPS3A;FCGR2B;IL6;HLA-DRA;IRF8;LTB;HDAC9	1	MSigDB_Hallmark_2020
Interferon Gamma Response	17/200	0.000946564792230599	0.0217709902213038	2.52352525087642	17.5704764229955	BANK1;SSPN;HLA-DRB1;IFI30;GPR18;NCOA3;CD40;BTG1;HLA-DQA1;METTL7B;HLA-DMA;CD74;CD86;IL6;IRF8;PDE4B;CIITA	2	MSigDB_Hallmark_2020
IL-2/STAT5 Signaling	16/199	0.00233744474934926	0.0282714945746351	2.3717088922007	14.3694653928595	CD79B;NCOA3;TLR7;CTSZ;SLC29A2;CD86;CD83;RGS16;CAPN3;SWAP70;SELL;TGM2;IRF8;SYNGR2;LTB;COCH	3	MSigDB_Hallmark_2020
TNF-alpha Signaling via NF-kB	16/200	0.00245839083257697	0.0282714945746351	2.35869565217391	14.1716290861955	MARCKS;PLPP3;REL;BTG1;IFNGR2;ICOSLG;ZBTB10;CD83;SMAD3;SLC2A6;SNN;IL6;PDE4B;KLF2;PLEK;KYNU	4	MSigDB_Hallmark_2020
Complement	13/200	0.029344253763728	0.192833667590212	1.87739866423617	6.62469882025591	GRB2;LYN;KLK1;CTSH;CD55;GCA;GNB4;NOTCH4;IL6;CR1;CR2;PLEK;KYNU	5	MSigDB_Hallmark_2020
Inflammatory Response	13/200	0.029344253763728	0.192833667590212	1.87739866423617	6.62469882025591	LYN;TLR1;CD40;CCR7;IFNGR2;CD55;ICOSLG;CD82;RGS16;CYBB;SELL;IL6;PDE4B	5	MSigDB_Hallmark_2020
KRAS Signaling Up	13/200	0.029344253763728	0.192833667590212	1.87739866423617	6.62469882025591	ST6GAL1;GNG11;KCNN4;JUP;MMP11;LAT2;CD37;CXCR4;MAP3K1;RGS16;IRF8;HDAC9;TSPAN13	5	MSigDB_Hallmark_2020
Hypoxia	11/200	0.108268634444599	0.622544648056445	1.56715994656756	3.48401562548038	CCNG2;BTG1;TPD52;CXCR4;HS3ST1;MAP3K1;SLC2A5;TGM2;IL6;SELENBP1;LARGE1	8	MSigDB_Hallmark_2020
TGF-beta Signaling	4/54	0.129215560757481	0.63841852758336	2.14860335195531	4.3966295759696	RAB31;SKIL;SMAD3;IFNGR2	9	MSigDB_Hallmark_2020
Angiogenesis	3/36	0.138786636431165	0.63841852758336	2.44034487130721	4.81923579415371	VAV2;PTK2;APP	10	MSigDB_Hallmark_2020
KRAS Signaling Dn	10/200	0.185789932883739	0.776939719332001	1.41512231282431	2.38184704024647	VPREB1;STAG3;TCL1A;SYNPO;GPRC5C;TGFB2;SNN;WNT16;SKIL;CAMK1D	11	MSigDB_Hallmark_2020
IL-6/JAK/STAT3 Signaling	5/87	0.204204477256891	0.782783829484749	1.63721644209449	2.6009368009541	IL6;IFNGR2;LTB;GRB2;IL13RA1	12	MSigDB_Hallmark_2020
Protein Secretion	5/96	0.264096610688714	0.934495699360065	1.47460232075617	1.96334494630184	SNX2;STX7;TPD52;SSPN;SCRN1	13	MSigDB_Hallmark_2020
Hedgehog Signaling	2/36	0.373752765141788	0.997021076439735	1.57676552515156	1.55179075116057	CELSR1;CRMP1	14	MSigDB_Hallmark_2020
Estrogen Response Early	8/200	0.43171623723656	0.997021076439735	1.11704119850187	0.938299822492005	CBFA2T3;RAB31;CELSR1;SH3BP5;FCMR;TGM2;KDM4B;CHPT1	15	MSigDB_Hallmark_2020
Myogenesis	8/200	0.43171623723656	0.997021076439735	1.11704119850187	0.938299822492005	APP;SSPN;MYBPC3;AEBP1;MEF2C;SYNGR2;SGCA;LARGE1	15	MSigDB_Hallmark_2020
Xenobiotic Metabolism	8/200	0.43171623723656	0.997021076439735	1.11704119850187	0.938299822492005	SPINT2;JUP;TPST1;TGFB2;DDAH2;CYP2J2;IRF8;KYNU	15	MSigDB_Hallmark_2020
p53 Pathway	8/200	0.43171623723656	0.997021076439735	1.11704119850187	0.938299822492005	APP;RPL18;ST14;IFI30;BTG1;CD82;RGS16;GM2A	15	MSigDB_Hallmark_2020
Wnt-beta Catenin Signaling	2/42	0.449478033462582	0.997021076439735	1.33983286908078	1.07142186612454	KAT2A;NOTCH4	19	MSigDB_Hallmark_2020
Apical Surface	2/44	0.473562660476644	0.997021076439735	1.27589866029977	0.953697299084124	LYN;APP	20	MSigDB_Hallmark_2020
Apoptosis	6/161	0.523962048888078	0.997021076439735	1.036866359447	0.670164079220129	TGFB2;APP;BCL2L10;PTK2;IL6;AIFM3	21	MSigDB_Hallmark_2020
Reactive Oxygen Species Pathway	2/49	0.530876587373146	0.997021076439735	1.13986842885083	0.721793984047369	PDLIM1;HHEX	22	MSigDB_Hallmark_2020
Estrogen Response Late	7/200	0.583691197403621	0.997021076439735	0.970932133799388	0.522733556529678	ST14;SNX10;RAB31;CHPT1;GPER1;TSPAN13;LARGE1	23	MSigDB_Hallmark_2020
UV Response Dn	5/144	0.595559024753707	0.997021076439735	0.962972279519042	0.499064984099045	APBB2;SMAD3;PLPP3;CACNA1A;VAV2	24	MSigDB_Hallmark_2020
Interferon Alpha Response	3/97	0.683411404254746	0.997021076439735	0.854001602421437	0.325082757110307	CD74;SELL;IFI30	25	MSigDB_Hallmark_2020
Notch Signaling	1/32	0.690926026028351	0.997021076439735	0.863609852393557	0.319296006130446	KAT2A	26	MSigDB_Hallmark_2020
Spermatogenesis	4/135	0.720749275576954	0.997021076439735	0.81662331016248	0.267414692815545	NPHP1;SLC2A5;STRBP;SPATA6	27	MSigDB_Hallmark_2020
Apical Junction	6/200	0.730282367037171	0.997021076439735	0.826734817638396	0.259862607607831	SKAP2;PTK2;JUP;VAV2;SYK;CD86	28	MSigDB_Hallmark_2020
PI3K/AKT/mTOR  Signaling	3/105	0.733925323068065	0.997021076439735	0.786692919845763	0.243361877618077	GRB2;DAPP1;CXCR4	29	MSigDB_Hallmark_2020
Coagulation	4/138	0.736538317714379	0.997021076439735	0.798215625781706	0.244089563170882	SH2B2;MMP11;CTSH;PLEK	30	MSigDB_Hallmark_2020
Pancreas Beta Cells	1/40	0.769618295943942	0.997021076439735	0.686173816910952	0.179681891927478	LMO2	31	MSigDB_Hallmark_2020
UV Response Up	4/158	0.824895421117702	0.997021076439735	0.69382572734528	0.133560524844024	E2F5;LYN;IL6;BTG1	32	MSigDB_Hallmark_2020
mTORC1 Signaling	5/200	0.850684263266367	0.997021076439735	0.684418145956608	0.110680158769862	SKAP2;IFI30;CXCR4;GGA2;DAPP1	33	MSigDB_Hallmark_2020
Myc Targets V1	5/200	0.850684263266367	0.997021076439735	0.684418145956608	0.110680158769862	RPL18;RPS10;RPS6;RPS5;EEF1B2	33	MSigDB_Hallmark_2020
heme Metabolism	5/200	0.850684263266367	0.997021076439735	0.684418145956608	0.110680158769862	LMO2;SIDT2;TRIM58;RBM38;SELENBP1	33	MSigDB_Hallmark_2020
Androgen Response	2/100	0.879577174813373	0.997021076439735	0.545221988516855	0.0699595979572395	ZBTB10;TPD52	36	MSigDB_Hallmark_2020
Myc Targets V2	1/58	0.881115595368239	0.997021076439735	0.4690481419125	0.0593657593180402	SLC29A2	37	MSigDB_Hallmark_2020
Pperoxisome	2/104	0.892783074320788	0.997021076439735	0.523731498170299	0.0593972510122947	ESR2;ABCB4	38	MSigDB_Hallmark_2020
DNA Repair	3/150	0.910116455502011	0.997021076439735	0.544587709560812	0.0512907488133226	RRM2B;PDE4B;POLD4	39	MSigDB_Hallmark_2020
Mitotic Spindle	4/199	0.930917160945634	0.997021076439735	0.546769803753044	0.0391405077845787	MARCKS;TRIO;SYNPO;SORBS2	40	MSigDB_Hallmark_2020
Epithelial Mesenchymal Transition	4/200	0.932554567020721	0.997021076439735	0.543951658875841	0.0379828455262946	FBLN2;BASP1;TGM2;IL6	41	MSigDB_Hallmark_2020
Adipogenesis	3/200	0.976800200670462	0.997021076439735	0.405305524286898	0.00951379767101799	SSPN;CCNG2;DRAM2	42	MSigDB_Hallmark_2020
Glycolysis	3/200	0.976800200670462	0.997021076439735	0.405305524286898	0.00951379767101799	TPST1;CXCR4;IL13RA1	42	MSigDB_Hallmark_2020
Unfolded Protein Response	1/113	0.984312504249723	0.997021076439735	0.238029008543612	0.00376367820035792	HERPUD1	44	MSigDB_Hallmark_2020
G2-M Checkpoint	2/200	0.994617779528781	0.997021076439735	0.268450521932416	0.00144876218017775	MARCKS;SMAD3	45	MSigDB_Hallmark_2020
Fatty Acid Metabolism	1/158	0.997021076439735	0.997021076439735	0.169405490640752	0.000505399154331884	CD1D	46	MSigDB_Hallmark_2020
